,Date,Time,Weather & Air Temp:,Water Temp:,Corrected Water Temp:,pH,Corrected pH,DO,Corrected DO,Turbidity,Salinity,Corrected Salinity,Tide is moving,Tide Times,# Hauls,Corrected # Hauls,Common Name,Corrected Common Name,Grouped Corrected Common Name,Quantity,Corrected Quantity,Scientific Name,Instructors/ Seine Staff:,# student seiners (CLASSES ONLY),# of visitors (Public Seine ONLY),# Brought to Ed Center,NOTES FROM SEINEING SEASON:
0,2008-09-13,,,,,,,,,,,,,,,,"sea squirt,northern pipefish,shore shrimp,sand shrimp,hermit crab,oyster toadfish,striped bass,northern kingfish,mantis shrimp,striped searobin,atlantic silverside,anchovy,blue crab,lady crab,comb jelly,lions mane jellyfish,winter flounder","sea squirt,northern pipefish,shore shrimp,sand shrimp,unidentified hermit crab,oyster toadfish,striped bass,northern kingfish,mantis shrimp,striped searobin,atlantic silverside,bay anchovy,blue crab,lady crab,comb jelly,lions mane jellyfish,winter flounder","tunicates,northern pipefish,shrimp,shrimp,hermit crab,oyster toadfish,striped bass,northern kingfish,shrimp,sea robin,atlantic silverside,bay anchovy,blue crab,lady crab,comb jelly,jellyfish,flatfish","nan,nan,nan,nan,nan,nan,nan,nan,nan,nan,nan,nan,nan,nan,nan,nan,nan","1,1,1,1,1,1,1,1,1,1,1,1,1,1,1,1,1",,,,,,
1,2009-06-20,,,,,,,,,,,,,,,,"sea squirts,bay anchovy,northern pipefish,shore shrimp,sand shrimp,hydroids,blue crab,comb jelly,hermit crab,snails,striped bass","sea squirt,bay anchovy,northern pipefish,shore shrimp,sand shrimp,hydrozoa,blue crab,comb jelly,unidentified hermit crab,unidentified snail,striped bass","tunicates,bay anchovy,northern pipefish,shrimp,shrimp,hydrozoa,blue crab,comb jelly,hermit crab,sea snail,striped bass","nan,nan,nan,nan,nan,nan,nan,nan,nan,nan,nan","1,1,1,1,1,1,1,1,1,1,1",,,,,,
2,2009-09-23,,,,,,,,,,,,,,,,"lions mane jellyfish cyanea capillata,green crab carcinus maenas,atlantic silverside menidia menidia,sea horse hippocampus,pipefish syngnathinae","lions mane jellyfish,green crab,atlantic silverside,seahorse,northern pipefish","jellyfish,green crab,atlantic silverside,northern seahorse,northern pipefish","nan,nan,nan,nan,nan","1,1,1,1,1",,,,,,
3,2010-06-12,,,,,,,,,,,,,,,,"atlantic silverside,atlantic tomcod,blue crab,bluefish,comb jellies,northern pipefish,red lions mane jellyfish,shore shrimp,winter flounder","atlantic silverside,atlantic tomcod,blue crab,bluefish,comb jelly,northern pipefish,lions mane jellyfish,shore shrimp,winter flounder","atlantic silverside,atlantic tomcod,blue crab,bluefish,comb jelly,northern pipefish,jellyfish,shrimp,flatfish","nan,nan,nan,nan,nan,nan,nan,nan,nan","1,1,1,1,1,1,1,1,1",,,,,,
4,2010-06-26,,,,,,,,,,,,,,,,"true jellies,pipefish,comb jellies ctenophores,glass shrimp,atlantic silverside","jelly fish,pin fish,comb jelly,sand shrimp,atlantic silverside","jellyfish,pin fish,comb jelly,shrimp,atlantic silverside","nan,nan,nan,nan,nan","1,1,1,1,1",,,,,,
5,2010-07-07,,,,,,,,,,,,,,,,"atlantic silverslide,comb jellies","atlantic silverside,comb jelly","atlantic silverside,comb jelly","nan,nan","1,1",,,,,,
6,2010-07-08,,,,,,,,,,,,,,,,"sand shrimp,shore shrimp,winter flounder,striped bass,northern pipefish,blue crab,comb jellies","sand shrimp,shore shrimp,winter flounder,striped bass,northern pipefish,blue crab,comb jelly","shrimp,shrimp,flatfish,striped bass,northern pipefish,blue crab,comb jelly","nan,nan,nan,nan,nan,nan,nan","1,1,1,1,1,1,1",,,,,,
7,2010-07-09,,,,,,,,,,,,,,,,"northern pipefish,sand shrimp,striped bass,winter flounder,lady crab,hydromedusae,atlantic silverside,amphipod,the cutest northern puffer ever,comb jellies,summer flounder","northern pipefish,sand shrimp,striped bass,winter flounder,lady crab,hydrozoa,atlantic silverside,amphipod,northern puffer,comb jelly,summer flounder","northern pipefish,shrimp,striped bass,flatfish,lady crab,hydrozoa,atlantic silverside,amphipod,puffer,comb jelly,flatfish","nan,nan,nan,nan,nan,nan,nan,nan,nan,nan,nan","1,1,1,1,1,1,1,1,1,1,1",,,,,,
8,2010-07-10,,,,,,,,,,,,,,,,"winter flounder,blue crab,sand shrimp,striped bass,atlantic silverside,bluefish,comb jellies,northern pipefish,hydromedusae,amphipod","winter flounder,blue crab,sand shrimp,striped bass,atlantic silverside,bluefish,comb jelly,northern pipefish,hydrozoa,amphipod","flatfish,blue crab,shrimp,striped bass,atlantic silverside,bluefish,comb jelly,northern pipefish,hydrozoa,amphipod","nan,nan,nan,nan,nan,nan,nan,nan,nan,nan","1,1,1,1,1,1,1,1,1,1",,,,,,
9,2010-07-20,,,,,,,,,,,,,,,,"ctenophore,atlantic silversides,blue crab,sand shrimp,shore shrimp,comb jelly,snails,blue fish,true jelly","comb jelly,atlantic silverside,blue crab,sand shrimp,shore shrimp,comb jelly,unidentified snail,bluefish,jelly fish","comb jelly,atlantic silverside,blue crab,shrimp,shrimp,comb jelly,sea snail,bluefish,jellyfish","nan,nan,nan,nan,nan,nan,nan,nan,nan","1,1,1,1,1,1,1,1,1",,,,,,
10,2010-07-21,,,,,,,,,,,,,,,,"lions mane jellyfish,atlantic silverside,blue crab,comb jellies,shore shrimp,sand shrimp,flounder,snails,oyster toad fish,northern pipefish,sea robin,blue fish,true jellies","lions mane jellyfish,atlantic silverside,blue crab,comb jelly,shore shrimp,sand shrimp,unidentified flatfish,unidentified snail,oyster toadfish,northern pipefish,northern sea robin,bluefish,jelly fish","jellyfish,atlantic silverside,blue crab,comb jelly,shrimp,shrimp,flatfish,sea snail,oyster toadfish,northern pipefish,sea robin,bluefish,jellyfish","nan,nan,nan,nan,nan,nan,nan,nan,nan,nan,nan,nan,nan","1,1,1,1,1,1,1,1,1,1,1,1,1",,,,,,
11,2010-07-22,,,,,,,,,,,,,,,,"comb jellies,blue crabs,amphipods,clam worm probably nereis spp,hermit crab,sand shrimp,hydromedusae,atlantic silversides,winter flounder,norther pipefish,norther puffer,striped bass,shore shrimp","comb jelly,blue crab,amphipod,clam worm probably nereis spp,unidentified hermit crab,sand shrimp,hydrozoa,atlantic silverside,winter flounder,northern pipefish,northern puffer,striped bass,shore shrimp","comb jelly,blue crab,amphipod,polychaete worm,hermit crab,shrimp,hydrozoa,atlantic silverside,flatfish,northern pipefish,puffer,striped bass,shrimp","nan,nan,nan,nan,nan,nan,nan,nan,nan,nan,nan,nan,nan","1,1,1,1,1,1,1,1,1,1,1,1,1",,,,,,
12,2010-07-24,,,,,,,,,,,,,,,,"northern pipefish,northern kingfish,bluefish,northern puffer,striped bass,sennet,atlantic silverside,sand shrimp,blue crabs,winter flounder,comb jellies","northern pipefish,northern kingfish,bluefish,northern puffer,striped bass,sennet,atlantic silverside,sand shrimp,blue crab,winter flounder,comb jelly","northern pipefish,northern kingfish,bluefish,puffer,striped bass,sennet,atlantic silverside,shrimp,blue crab,flatfish,comb jelly","nan,nan,nan,nan,nan,nan,nan,nan,nan,nan,nan","1,1,1,1,1,1,1,1,1,1,1",,,,,,
13,2010-08-10,,,,,,,,,,,,,,,,"blue crabs,puffer,hermit crab,flounder,sand shrimp,asian shore crab,juvenille stripped bass,silversides,shore shrimp","blue crab,northern puffer,unidentified hermit crab,unidentified flatfish,sand shrimp,asian shore crab,striped bass,atlantic silverside,shore shrimp","blue crab,puffer,hermit crab,flatfish,shrimp,asian shore crab,striped bass,atlantic silverside,shrimp","nan,nan,nan,nan,nan,nan,nan,nan,nan","1,1,1,1,1,1,1,1,1",,,,,,
14,2010-09-18,,,,,,,,,,,,,,,,"comb jellies,silversides,oyster toad fish,anemone,asian shore crab,pipefish,blue fish,2 stripped bass,blue crab","comb jelly,atlantic silverside,oyster toadfish,anemone,asian shore crab,pin fish,bluefish,striped bass,blue crab","comb jelly,atlantic silverside,oyster toadfish,anemone,asian shore crab,pin fish,bluefish,striped bass,blue crab","nan,nan,nan,nan,nan,nan,nan,nan,nan","1,1,1,1,1,1,1,1,1",,,,,,
15,2010-09-21,,,,,,,,,,,,,,,,"sand worm,shrimp,silversides,anemone,asian shore crab,comb jelly,blue crab,green crab,pipefish","sandworm,unidentified shrimp,atlantic silverside,anemone,asian shore crab,comb jelly,blue crab,green crab,pin fish","polychaete worm,shrimp,atlantic silverside,anemone,asian shore crab,comb jelly,blue crab,green crab,pin fish","nan,nan,nan,nan,nan,nan,nan,nan,nan","1,1,1,1,1,1,1,1,1",,,,,,
16,2010-10-14,,,,,,,,,,,,,,,,"silverside,comb jelly,red bearded sponge,blue muscle,asian shore crab,jelly fish","atlantic silverside,comb jelly,red beard sponge,blue mussel,asian shore crab,unidentified jelly fish","atlantic silverside,comb jelly,sponge,mussel,asian shore crab,jellyfish","nan,nan,nan,nan,nan,nan","1,1,1,1,1,1",,,,,,
17,2011-05-10,,,,,,,,,,,,,,,,"atlantic tomcod,atlantic silverside,amphipod,snail,moon jelly,comb jellies","atlantic tomcod,atlantic silverside,amphipod,unidentified snail,moon jelly,comb jelly","atlantic tomcod,atlantic silverside,amphipod,sea snail,jellyfish,comb jelly","1,6,2,3,2,2","1,6,2,3,2,2",,,,,,
18,2011-05-14,,,,,,,,,,,,,,,,"comb jellies,anchovy,atlantic silverside,blue crab,striped bass,flounder,isopod,northern pipefish,shrimp shore and mud,herring,hermit crab","comb jelly,bay anchovy,atlantic silverside,blue crab,striped bass,unidentified flatfish,isopod,northern pipefish,unidentified shrimp,unidentified herring,unidentified hermit crab","comb jelly,bay anchovy,atlantic silverside,blue crab,striped bass,flatfish,isopod,northern pipefish,shrimp,herring,hermit crab","1,3,27,9,4,2,1,2,68,6,1","1,3,27,9,4,2,1,2,68,6,1",,,,,,
19,2011-05-20,,,,,,,,,,,,,,,,"anchovy,atlantic tomcod,ctenophore,green crab,herring,shrimp shore and mud,striped bass","bay anchovy,atlantic tomcod,comb jelly,green crab,unidentified herring,unidentified shrimp,striped bass","bay anchovy,atlantic tomcod,comb jelly,green crab,herring,shrimp,striped bass","36,4,45,1,2,2,1","36,4,45,1,2,2,1",,,,,,
20,2011-05-28,,,,,,,,,,,,,,,,"comb jellies,anchovy,blue crab,shrimp shore and mud,striped bass,herring","comb jelly,bay anchovy,blue crab,unidentified shrimp,striped bass,unidentified herring","comb jelly,bay anchovy,blue crab,shrimp,striped bass,herring","2,73,1,1,1,3","2,73,1,1,1,3",,,,,,
21,2011-06-11,,,,,,,,,,,,,,,,"anchovy,atlantic tomcod,blue crab,comb jellies,flatfish,herring,northern pipefish,shrimp shore and mud","bay anchovy,atlantic tomcod,blue crab,comb jelly,unidentified flatfish,unidentified herring,northern pipefish,unidentified shrimp","bay anchovy,atlantic tomcod,blue crab,comb jelly,flatfish,herring,northern pipefish,shrimp","20,1,6,9,1,1,1,37","20,1,6,9,1,1,1,37",,,,,,
22,2011-06-14,,,,,,,,,,,,,,,,"golden star tunicate,anchovy,atlantic silverside,atlantic tomcod,comb jellies,northern pipefish,herring,oyster,shrimp shore and mud,snail,blue crab","golden star tunicate,bay anchovy,atlantic silverside,atlantic tomcod,comb jelly,northern pipefish,unidentified herring,eastern oyster,unidentified shrimp,unidentified snail,blue crab","tunicates,bay anchovy,atlantic silverside,atlantic tomcod,comb jelly,northern pipefish,herring,oyster,shrimp,sea snail,blue crab","1,2,2,1,2,1,1,4,5,2,2","1,2,2,1,2,1,1,4,5,2,2",,,,,,
23,2011-06-26,,,,,,,,,,,,,,,,"anchovy,atlantic silverside,blue crab,snail,blue fish,flounder,herring,shrimp shore and mud,comb jellies","bay anchovy,atlantic silverside,blue crab,unidentified snail,bluefish,unidentified flatfish,unidentified herring,unidentified shrimp,comb jelly","bay anchovy,atlantic silverside,blue crab,sea snail,bluefish,flatfish,herring,shrimp,comb jelly","1,8,1,1,2,1,3,3,12","1,8,1,1,2,1,3,3,12",,,,,,
24,2011-07-10,,,,,,,,,,,,,,,,"tube worm,anchovy,atlantic silverside,comb jellies,green crab,poly worm,sea squirt,shrimp shore and mud,snail,striped bass,moon jelly,hydroid","tube worm,bay anchovy,atlantic silverside,comb jelly,green crab,sand worm,sea squirt,unidentified shrimp,unidentified snail,striped bass,moon jelly,hydrozoa","tube worm,bay anchovy,atlantic silverside,comb jelly,green crab,polychaete worm,tunicates,shrimp,sea snail,striped bass,jellyfish,hydrozoa","1,5,18,60,1,1,15,10,4,1,30,1","1,5,18,60,1,1,15,10,4,1,30,1",,,,,,
25,2011-07-11,,,,,,,,,,,,,,,,"atlantic silverside,blue crab,comb jellies,hogchoker","atlantic silverside,blue crab,comb jelly,hogchoker","atlantic silverside,blue crab,comb jelly,flatfish","5,1,20,1","5,1,20,1",,,,,,
26,2011-07-12,,,,,,,,,,,,,,,,"atlantic silverside,blue crab,comb jellies,decoration crab,moon jelly,sea squirt,snail","atlantic silverside,blue crab,comb jelly,spider crab,moon jelly,sea squirt,unidentified snail","atlantic silverside,blue crab,comb jelly,spider crab,jellyfish,tunicates,sea snail","5,2,40,1,5,10,10","5,2,40,1,5,10,10",,,,,,
27,2011-07-13,,,,,,,,,,,,,,,,"comb jellies,bay anchove,atlantic silverside,shrimp shore and mud,white perch,snail","comb jelly,bay anchovy,atlantic silverside,unidentified shrimp,white perch,unidentified snail","comb jelly,bay anchovy,atlantic silverside,shrimp,white perch,sea snail","20,2,3,1,1,1","20,2,3,1,1,1",,,,,,
28,2011-08-02,,,,,,,,,,,,,,,,"atlantic silverside,blue crab,comb jellies,oyster,snail","atlantic silverside,blue crab,comb jelly,eastern oyster,unidentified snail","atlantic silverside,blue crab,comb jelly,oyster,sea snail","6,1,20,1,0","6,1,20,1,0",,,,,,
29,2011-08-09,,,,,,,,,,,,,,,,"atlantic silverside,comb jellies,oyster,oyster toadfish,snail","atlantic silverside,comb jelly,eastern oyster,oyster toadfish,unidentified snail","atlantic silverside,comb jelly,oyster,oyster toadfish,sea snail","10,20,1,1,0","10,20,1,1,0",,,,,,
30,2011-08-10,,,,,,,,,,,,,,,,"atlantic silverside,blue crab,comb jellies,oyster,shrimp shore and mud,snail","atlantic silverside,blue crab,comb jelly,eastern oyster,unidentified shrimp,unidentified snail","atlantic silverside,blue crab,comb jelly,oyster,shrimp,sea snail","75,3,45,2,2,2","75,3,45,2,2,2",,,,,,
31,2011-09-10,,,,,,,,,,,,,,,,"herring,atlantic silverside,blue crab,green crab,comb jellies,moon jelly,oyster,snail,striped bass,northern pipefish","unidentified herring,atlantic silverside,blue crab,green crab,comb jelly,moon jelly,eastern oyster,unidentified snail,striped bass,northern pipefish","herring,atlantic silverside,blue crab,green crab,comb jelly,jellyfish,oyster,sea snail,striped bass,northern pipefish","50++,75,1,1,50++,30++,3,0,1,1","50,75,1,1,50,30,3,0,1,1",,,,,,
32,2011-09-20,,,,,,,,,,,,,,,,"green crab,anchovy,atlantic silverside,blue crab,hydromedusae,hermit crab,oyster toadfish,moon jelly,striped bass,skillet fish,snail,oyster,comb jellies","green crab,bay anchovy,atlantic silverside,blue crab,hydrozoa,unidentified hermit crab,oyster toadfish,moon jelly,striped bass,skillet fish,unidentified snail,eastern oyster,comb jelly","green crab,bay anchovy,atlantic silverside,blue crab,hydrozoa,hermit crab,oyster toadfish,jellyfish,striped bass,skillet fish,sea snail,oyster,comb jelly","2,6,10,3,2,1,1,1,12,1,0,4,25","2,6,10,3,2,1,1,1,12,1,0,4,25",,,,,,
33,2011-09-26,,,,,,,,,,,,,,,,"green crab,hydromedusae,anchovy,blue crab,comb jellies,flounder,atlantic silverside,striped bass,northern kingfish,oyster,sea squirt,snail,naked goby,moon jelly","green crab,hydrozoa,bay anchovy,blue crab,comb jelly,unidentified flatfish,atlantic silverside,striped bass,northern kingfish,eastern oyster,sea squirt,unidentified snail,naked goby,moon jelly","green crab,hydrozoa,bay anchovy,blue crab,comb jelly,flatfish,atlantic silverside,striped bass,northern kingfish,oyster,tunicates,sea snail,naked goby,jellyfish","2,2,2,2,20,2,5,4,1,2,50,50,1,15","2,2,2,2,20,2,5,4,1,2,50,50,1,15",,,,,,
34,2012-04-25,,,,,,,,,,,,,,,,"shrimp shore and mud,shrimp seven spine,snail,striped bass,turnicate","unidentified shrimp,seven spine shrimp,unidentified snail,striped bass,tunicate","shrimp,shrimp,sea snail,striped bass,tunicates","7,12,2,1,1","7,12,2,1,1",,,,,,
35,2012-05-16,,,,,,,,,,,,,,,,"shrimp shore and mud,anchovy,green crab european,sea squirt,spotted hake,shrimp seven spine,snail,striped bass,atlantic tomcod","unidentified shrimp,bay anchovy,green crab,sea squirt,spotted hake,seven spine shrimp,unidentified snail,striped bass,atlantic tomcod","shrimp,bay anchovy,green crab,tunicates,spotted hake,shrimp,sea snail,striped bass,atlantic tomcod","1,7,1,50,2,7,6,1,4","1,7,1,50,2,7,6,1,4",,,,,,
36,2012-05-19,,,,,,,,,,,,,,,,"anchovy,green crab european,shrimp shore and mud,shrimp seven spine","bay anchovy,green crab,unidentified shrimp,seven spine shrimp","bay anchovy,green crab,shrimp,shrimp","15,1,2,7","15,1,2,7",,,,,,
37,2012-05-30,,,,,,,,,,,,,,,,"atlantic tomcod,atlantic silverside,spotted hake,northern pipefish","atlantic tomcod,atlantic silverside,spotted hake,northern pipefish","atlantic tomcod,atlantic silverside,spotted hake,northern pipefish","5,6,1,1","5,6,1,1",,,,,,
38,2012-05-31,,,,,,,,,,,,,,,,"shrimp seven spine,spotted hake,american eel,atlantic silverside,flounder,moon jelly,northern pipefish,shrimp shore and mud,striped bass","seven spine shrimp,spotted hake,american eel,atlantic silverside,unidentified flatfish,moon jelly,northern pipefish,unidentified shrimp,striped bass","shrimp,spotted hake,american eel,atlantic silverside,flatfish,jellyfish,northern pipefish,shrimp,striped bass","2,1,1,1,1,1,1,7,1","2,1,1,1,1,1,1,7,1",,,,,,
39,2012-06-01,,,,,,,,,,,,,,,,"blue fish,blue crab,snail,blue mussel,atlantic silverside","bluefish,blue crab,unidentified snail,blue mussel,atlantic silverside","bluefish,blue crab,sea snail,mussel,atlantic silverside","1,1,3,1,2","1,1,3,1,2",,,,,,
40,2012-06-02,,,,,,,,,,,,,,,,"blue crab,green crab european,comb jelly,atlantic silverside,asian shore crab,atlantic tomcod,flounder,blue back,herring,shrimp shore and mud,snail,shrimp seven spine,northern pipefish,spotted hake,ribbed mussel,sand worm","blue crab,green crab,comb jelly,atlantic silverside,asian shore crab,atlantic tomcod,unidentified flatfish,blueback herring,unidentified herring,unidentified shrimp,unidentified snail,seven spine shrimp,northern pipefish,spotted hake,ribbed mussel,sandworm","blue crab,green crab,comb jelly,atlantic silverside,asian shore crab,atlantic tomcod,flatfish,herring,herring,shrimp,sea snail,shrimp,northern pipefish,spotted hake,mussel,polychaete worm","1,4,1,23,3,6,5,1,8,5,2,3,2,2,1,1","1,4,1,23,3,6,5,1,8,5,2,3,2,2,1,1",,,,,,
41,2012-06-14,,,,,,,,,,,,,,,,"atlantic tomcod,blue crab,ctenophore,flounder,shrimp seven spine","atlantic tomcod,blue crab,comb jelly,unidentified flatfish,seven spine shrimp","atlantic tomcod,blue crab,comb jelly,flatfish,shrimp","19,2,2,2,1","19,2,2,2,1",,,,,,
42,2012-07-31,,,,,,,,,,,,,,,,"blue fish,atlantic silverside,blue back,northern puffer,sea squirt,comb jelly","bluefish,atlantic silverside,blueback herring,northern puffer,sea squirt,comb jelly","bluefish,atlantic silverside,herring,puffer,tunicates,comb jelly","1,50+,1,1,3,25+","1,50,1,1,3,25",,,,,,
43,2012-08-14,,,,,,,,,,,,,,,,"anchovy,atlantic silverside,ctenophore,comb jelly,northern pipefish","bay anchovy,atlantic silverside,comb jelly,comb jelly,northern pipefish","bay anchovy,atlantic silverside,comb jelly,comb jelly,northern pipefish","1,14,20,50,1","1,14,20,50,1",,,,,,
44,2012-08-15,,,,,,,,,,,,,,,,"asian shore crab,atlantic silverside,ctenophore,comb jelly,green crab european","asian shore crab,atlantic silverside,comb jelly,comb jelly,green crab","asian shore crab,atlantic silverside,comb jelly,comb jelly,green crab","2,35,10,20+,1","2,35,10,20,1",,,,,,
45,2012-09-15,,,,,,,,,,,,,,,,"comb jelly,hermit crab,asian shore crab,oyster toadfish,blue crab,shrimp shore and mud,porgyscup,skillet fish,northern stargazer,sea squirt","comb jelly,unidentified hermit crab,asian shore crab,oyster toadfish,blue crab,unidentified shrimp,porgy,skillet fish,northern stargazer,sea squirt","comb jelly,hermit crab,asian shore crab,oyster toadfish,blue crab,shrimp,porgy,skillet fish,northern stargazer,tunicates","20,3,3,1,3,4,1,1,1,10","20,3,3,1,3,4,1,1,1,10",,,,,,
46,2012-09-27,,,,,,,,,,,,,,,,"atlantic silverside,blue crab,comb jelly,oyster toadfish,sea squirt,porgyscup,wrasel sea bass","atlantic silverside,blue crab,comb jelly,oyster toadfish,sea squirt,porgy,wrasel sea bass","atlantic silverside,blue crab,comb jelly,oyster toadfish,tunicates,porgy,wrasel sea bass","6,1,15,1,5,1,3","6,1,15,1,5,1,3",,,,,,
47,2012-09-28,,,,,,,,,,,,,,,,"comb jelly,atlantic silverside,sea squirt,porgyscup,blue crab","comb jelly,atlantic silverside,sea squirt,porgy,blue crab","comb jelly,atlantic silverside,tunicates,porgy,blue crab","4,41,20,1,1","4,41,20,1,1",,,,,,
48,2012-10-04,,,,,,,,,,,,,,,,"american eel,atlantic silverside,blue fish,comb jelly,snail,white mullet","american eel,atlantic silverside,bluefish,comb jelly,unidentified snail,white mullet","american eel,atlantic silverside,bluefish,comb jelly,sea snail,white mullet","1,1,1,1,8,1","1,1,1,1,8,1",,,,,,
49,2012-10-10,,,,,,,,,,,,,,,,"snail,atlantic silverside,blue crab,green crab european,cunner,white mullet,silver perch,white fingered mud crab,comb jelly","unidentified snail,atlantic silverside,blue crab,green crab,cunner,white mullet,silver perch,white fingered mud crab,comb jelly","sea snail,atlantic silverside,blue crab,green crab,cunner,white mullet,silver perch,mud crab,comb jelly","1,1,3,1,1,1,1,1,2","1,1,3,1,1,1,1,1,2",,,,,,
50,2013-06-04,,,,,,,,,,,,,,,,"blueback herring,bay anchovy,summer flounder,glass shrimp,asian shore crab,comb jellies,golden star tunicate,sea squirtsolitary tunicate","blueback herring,bay anchovy,summer flounder,sand shrimp,asian shore crab,comb jelly,golden star tunicate,sea squirt","herring,bay anchovy,flatfish,shrimp,asian shore crab,comb jelly,tunicates,sea squirt","1,1,1,1,1,15,1 clump,1","1,1,1,1,1,15,1,1",,,,,,
51,2013-06-17,10 am - 1 pm,"Sunny, 80s",,,,,,,,,,,,,,"american eel,atlantic silverside,comb jellies,shrimp","american eel,atlantic silverside,comb jelly,unidentified shrimp","american eel,atlantic silverside,comb jelly,shrimp","1,20,50,1","1,20,50,1",,,,,,
52,2013-06-18,,,,,,,,,,,,,,,,"bluefish juvenile,comb jelly,true jelly","bluefish,comb jelly,jelly fish","bluefish,comb jelly,jellyfish","30,15,1","30,15,1",,,,,,
53,2013-06-21,10 am - 1 pm,"Sunny, 80s",,,,,,,,,,,,,,"american eel,comb jellies,asian shore crab,hermit crab,snail,shore shrimp","american eel,comb jelly,asian shore crab,unidentified hermit crab,unidentified snail,shore shrimp","american eel,comb jelly,asian shore crab,hermit crab,sea snail,shrimp","2,20,2,1,1,4","2,20,2,1,1,4",,,,,,
54,2013-06-22,,,,,,,,,,,,,,,,"1 black sea bass,1 oyster drill,1 oyster toadfish caught in traffic cone,5 asian shore crabs,20 ctenophores","black sea bass,oyster drill snail,oyster toadfish,asian shore crab,ctenophore","black sea bass,sea snail,oyster toadfish,asian shore crab,comb jelly","1,1,1,5,20","1,1,1,5,20",,,,,,
55,2013-07-18,,hot and sunny,,,,,,,,,,,,,,"comb jelly,bluefish,atlantic silverside","comb jelly,bluefish,atlantic silverside","comb jelly,bluefish,atlantic silverside","15,7,10","15,7,10",,,,,,
56,2013-07-19,11:30 - 1:00,hot and clear,,,,,,,,,,,,,,"comb jelly,atlantic silverside,mud crab","comb jelly,atlantic silverside,mud crab","comb jelly,atlantic silverside,mud crab","20,8,1","20,8,1",,,,,,
57,2013-08-01,10am-1pm,rainy!,,,,,,,,,,,,,,"atlantic silverside,comb jelly","atlantic silverside,comb jelly","atlantic silverside,comb jelly","17,100","17,100",,,,,,
58,2013-08-04,11am-12:30 pm,,,,,,,,,,,,,,,"blue crab,comb jelly,moon jelly,asian shore crab,stripped bass,atlantic silverside","blue crab,comb jelly,moon jelly,asian shore crab,striped bass,atlantic silverside","blue crab,comb jelly,jellyfish,asian shore crab,striped bass,atlantic silverside","1,100+,25,5,1,10","1,100,25,5,1,10",,,,,,
59,2013-08-17,10:00-11:30,Sunny 80,,,,,,,,,,,,,,"comb jelly,stripped bass,northern pipefish,blue crab,shore shrimp","comb jelly,striped bass,northern pipefish,blue crab,shore shrimp","comb jelly,striped bass,northern pipefish,blue crab,shrimp","100+,1,1,2,2","100,1,1,2,2",,,,,,
60,2013-09-23,5:00 PM,slightly overcast 70,,,,,,,,,,,,,,"silverside,bluecrab,shrimp,mud crab,comb jelly","atlantic silverside,blue crab,unidentified shrimp,mud crab,comb jelly","atlantic silverside,blue crab,shrimp,mud crab,comb jelly","2,1,2,1,50","2,1,2,1,50",,,,,,
61,2013-09-28,,sunny 73,,,,,,,,,,,,,,silverside,atlantic silverside,atlantic silverside,5,5,,,,,,
62,2013-10-01,,,,,,,,,,,,,,,,atlantic silverside,atlantic silverside,atlantic silverside,2,2,,,,,,
63,2014-05-10,11:00am-12:30pm,"Sunny, Mid-70's",Not taken,,Not taken,,Not taken,,,Not taken,,,,,,"asian shore crabs,true jelly fish,comb jellies","asian shore crab,jelly fish,comb jelly","asian shore crab,jellyfish,comb jelly","8,2,9","8,2,9",hemigrapsus sanguineus,"Nim, Isa, Kara",,Not taken,,
64,2014-06-21,10 am - 11:30 pm,"Sunny, upper 70's",Not taken,,Not taken,,Not taken,,,Not taken,,,,,,"atlantic silverside,atlantic tomcod,shore shrimp,flounder,comb jelly","atlantic silverside,atlantic tomcod,shore shrimp,unidentified flatfish,comb jelly","atlantic silverside,atlantic tomcod,shrimp,flatfish,comb jelly","1,2,3,2,Numerous","1,2,3,2,30",,"Cynthia, Weston, Shellita",,Not taken,,
65,2014-07-12,2:00pm-3:30pm,"Sunny, 78",not taken,,pH=6,6.0,do=4,4.0,,S=20,20.0,,,,,"jvvenilee striped buss,menhaden,alewife,grubby sculpin family,window pain,pipe fish,sea horse,seven spine shrimp,hermit crab,blue crab,asian shore crabs,comb jellies,glass shrimp","striped bass,atlantic menhaden,alewife,grubby,windowpane flounder,pin fish,northern seahorse,sand shrimp,unidentified hermit crab,blue crab,asian shore crab,comb jelly,sand shrimp","striped bass,atlantic menhaden,herring,grubby,flatfish,pin fish,northern seahorse,shrimp,hermit crab,blue crab,asian shore crab,comb jelly,shrimp","5,1,2,1,1,1,1,5,1,3,1,8,1","5,1,2,1,1,1,1,5,1,3,1,8,1",,"Nim, Shellita, Sarah B",,Participants =19,,
66,2014-08-02,6:30-8:00pm,Sunny W/Few Clouds 84,Not taken,,Not taken,,Not taken,,,Not taken,,,,,,"blue crab,winter flounder,green crab,comb jellies,blue fish,striped bass,atlantic silverside,northern kingfish","blue crab,winter flounder,green crab,comb jelly,bluefish,striped bass,atlantic silverside,northern kingfish","blue crab,flatfish,green crab,comb jelly,bluefish,striped bass,atlantic silverside,northern kingfish","1,3,1,15,1,6,11,1","1,3,1,15,1,6,11,1",,"Shellita, Sarah B, Chris Bowser, Rebecca Houser, Kathy G",,10,,
67,2014-08-23,1:00-2:30,sunny 72,Not taken,,ph=7,7.0,do=4,4.0,,s=21,21.0,,,,,"atlantic silverside,oyster toadfish,comb jelly,striped bass","atlantic silverside,oyster toadfish,comb jelly,striped bass","atlantic silverside,oyster toadfish,comb jelly,striped bass","20,1,20+,1","20,1,20,1",,"Isa, Fiona, Rashid, Cynthia, Tracy",,Participants= 50,,
68,2014-09-20,1:00-2:30,Partly Cloudy 71,22c,71.6,ph=7,7.0,do =4,4.0,,s=22,22.0,,,,,"winter flounder,porgy,striped bass,comb jelly,silver side,asian shore crabs","winter flounder,porgy,striped bass,comb jelly,atlantic silverside,asian shore crab","flatfish,porgy,striped bass,comb jelly,atlantic silverside,asian shore crab","1,3,23,4,10,3","1,3,23,4,10,3",,"Isa, Kathy G, Cynthia, Shellita",,Participants =45,,
69,2015-05-07,?,?,?,,?,,?,,,?,,,,,,"glass shrimp,sand worm,asian shore crab","sand shrimp,sandworm,asian shore crab","shrimp,polychaete worm,asian shore crab","5,1,3","5,1,3",,?,,?,,
70,2015-05-30,11:35-12:45pm,77 F,68 F,68.0,7,7.0,4,4.0,,22,22.0,,,,,"atlantic silverside,striped bass,ghost shrimp,sea snail","atlantic silverside,striped bass,glass shrimp,unidentified sea snail","atlantic silverside,striped bass,shrimp,sea snail","1,1,3,2","1,1,3,2",Menidia Menidia,"Eliza, Shellita, Kathy Gurland",,50,,
71,2015-06-09,12:25,78 F,Not Taken,,pH 7,7.0,do 5,5.0,,s 21,21.0,,,,,"striped bass,golden star colonial tunicate,blue muscle","striped bass,golden star tunicate,blue mussel","striped bass,tunicates,mussel","9,1,1","9,1,1",Morone Saxatilis,"Nim, Isa, Krista, Anita, Maria M, Maria GM",,20 P,,
72,2015-06-11,11:10,79 F,Not Taken,,pH 7,7.0,4,4.0,,25,25.0,,,,,"colonial tunicate,striped bass,pipe fish,box crab,asian shore crab","colonial tunicate,striped bass,pin fish,box crab,asian shore crab","tunicates,striped bass,pin fish,box crab,asian shore crab","1,8,1,1,6","1,8,1,1,6",Botryllus Schlosseri,"Nim, Isa, Krista, Anita, Maria M, Darby",,25 P,,
73,2015-06-14,13:22,80 F,20 C,68.0,7,7.0,DO 4,4.0,,33,33.0,,,,,"hermit crab,cunner,asian shore crab,pipe fish,striped bass,winter flounder,colonial tunicate,snails,hydra medusa,sand shrimp,lady crab,sponge,blue crab","unidentified hermit crab,cunner,asian shore crab,pin fish,striped bass,winter flounder,colonial tunicate,unidentified snail,hydrozoa,sand shrimp,lady crab,unidentified sponge,blue crab","hermit crab,cunner,asian shore crab,pin fish,striped bass,flatfish,tunicates,sea snail,hydrozoa,shrimp,lady crab,sponge,blue crab","4,1,16,1,5,1,10 to 15,4,4,9,2,1,1","4,1,16,1,5,1,10,4,4,9,2,1,1",Paguroidea,"Cynthia, Isa, Shellita, Krista, Anita, Jeannely",,50,,
74,2015-07-10,10:45 AM,84F,26 C,78.8,7,7.0,DO 4,4.0,,36,36.0,,,,,"summer flounder,atlantic silverside,winter flounder,blue crab,box crab,pip fish,seven spine shrimp,alewife,comb jelly","summer flounder,atlantic silverside,winter flounder,blue crab,box crab,pin fish,sand shrimp,alewife,comb jelly","flatfish,atlantic silverside,flatfish,blue crab,box crab,pin fish,shrimp,herring,comb jelly","1,23,1,1,1,1,1,9,1","1,23,1,1,1,1,1,9,1",Paralichthys dentatus,"Shellita,Isa,Nim, Maria,Adrianna,Hawa",,55,,
75,2015-07-11,,Not taken,Not taken,,7,7.0,DO 4,4.0,,1,1.0,,,,,"lady crabs,atlantic silverside,striped bass 68,atlantic herring,hermit crabs,asian shore crab,blue crabs,flounder righteye,pip fish,white perch,snail,comb jelly,sand shrimp","lady crab,atlantic silverside,striped bass,atlantic herring,unidentified hermit crab,asian shore crab,blue crab,winter flounder,pin fish,white perch,unidentified snail,comb jelly,sand shrimp","lady crab,atlantic silverside,striped bass,herring,hermit crab,asian shore crab,blue crab,flatfish,pin fish,white perch,sea snail,comb jelly,shrimp","2,12,5,1,2,1,2,1,nan,4,2,1,2","2,12,5,1,2,1,2,1,1,4,2,1,2",Ovalipes ocellatus,"Isa,Maria,Cynthia,Kathy",,28,,
76,2015-07-13,1:17 PM,Not taken,Not taken,,not taken,,Not taken,,,not taken,,,,,,"blue crab,asian shore crab,atlantic herring,atlantic silverside","blue crab,asian shore crab,atlantic herring,atlantic silverside","blue crab,asian shore crab,herring,atlantic silverside","1,3,3,10","1,3,3,10",Callinectes sapidus,"Nim, Sigrun, Hawa, Jeanneally, Maria",,40,,
77,2015-07-28,11:30 AM,90 F,23 C,73.4,7,7.0,DO 4,4.0,,29,29.0,,,,,"isopod,atlantic silverside,striped bass,winter flounder,seven spine shrimp,scud,tunicates,comb jelly","isopod,atlantic silverside,striped bass,winter flounder,sand shrimp,scud,tunicate,comb jelly","isopod,atlantic silverside,striped bass,flatfish,shrimp,amphipod,tunicates,comb jelly","1,40,15,1,1,4,8,4","1,40,15,1,1,4,8,4",Isopod,"Nim, Sigrun, Hawa, Jeanneally, Maria",,45,,
78,2015-08-09,10:15 AM - 12,81 F Sunny,25 C,77.0,,,DO 4,4.0,,31,31.0,,,,,"atlantic silverside,striped bass,hermit crab,taotog,asian shore crab,blue fish,box crab,comb jellies,seven spine shrimp","atlantic silverside,striped bass,unidentified hermit crab,tautog,asian shore crab,bluefish,box crab,comb jelly,sand shrimp","atlantic silverside,striped bass,hermit crab,tautog,asian shore crab,bluefish,box crab,comb jelly,shrimp","140,12,2,2,4,1,2,20,1","140,12,2,2,4,1,2,20,1",Menidia menidia,"Nim,Maria, Anita, Shellita,",,,,
79,2015-08-15,,,,,,,,,,,,,,,,"atlantic silverside,scup,seahorse,bluefish,striped bass","atlantic silverside,scup,northern seahorse,bluefish,striped bass","atlantic silverside,scup,northern seahorse,bluefish,striped bass","515,14,1,3,3","515,14,1,3,3",,,,,,
80,2015-09-08,10:00 AM,85 F,,,,,,,,,,,,,,"pin fish,bass,silversides","pin fish,bass,atlantic silverside","pin fish,bass,atlantic silverside","2,5,15","2,5,15",,,,3,,
81,2015-09-12,2-3:30 PM,78 F Sunny,Not Taken,,pH 7,7.0,DO 5,5.0,,Not Taken,,,,,,"comb jelly,asian shore crab,porgy,atlantic silverside,northern pipefish,blue crab,common shore shrimp,winter flounder,bluespotted cornetfish","comb jelly,asian shore crab,porgy,atlantic silverside,northern pipefish,blue crab,shore shrimp,winter flounder,bluespotted cornetfish","comb jelly,asian shore crab,porgy,atlantic silverside,northern pipefish,blue crab,shrimp,flatfish,bluespotted cornetfish","2,2,23,201,2,1,1,2,1","2,2,23,201,2,1,1,2,1",Ctenophora,"Isa, Cynthia, Kathy, Shellita, Nancy, Hillary T",,45,,
82,2015-09-25,10:00-1:00 PM,70 F Sunny,Not taken,,7,7.0,4 PPM,4.0,,22,22.0,,,,,"blue fish,atlantic silverside,blue crab,comb jelly,asian shore crab,oyster drill,menhaden,tautogblackfish","bluefish,atlantic silverside,blue crab,comb jelly,asian shore crab,oyster drill snail,atlantic menhaden,tautog","bluefish,atlantic silverside,blue crab,comb jelly,asian shore crab,sea snail,atlantic menhaden,tautog","1,73,1,2,8,1,5,1","1,73,1,2,8,1,5,1",Pomatomus saltatrix,"Isa, Nim, Shellita, Beth, Andrew, Shawn, Chris, Jordan",,70,,
83,2015-10-15,4-6 PM,64 F,66 F,66.0,7,7.0,4,4.0,,30,30.0,,,,,"winter flounder righteye,blackfish tautog,striped bass,comb jelly,common shore shrimp,sheepshead porgy,blue mussel","winter flounder,tautog,striped bass,comb jelly,shore shrimp,sheepshead porgy,blue mussel","flatfish,tautog,striped bass,comb jelly,shrimp,porgy,mussel","3,1,1,6,1,1,8","3,1,1,6,1,1,8",Pleuronectes Americanus,"Isa, Shellita, Kathy Nolan",,31,,
84,2015-10-20,,,,,,,,,,,,,,,,comb jelly,comb jelly,comb jelly,22,22,,,,,,
85,2016-05-26,4:30-5:30 PM,86 F,70 F,70.0,did not do,,6,6.0,,35 ppt,35.0,,,~7,7.0,comb jelly,comb jelly,comb jelly,11,11,Ctenophora,Christina,"~ 18, St. Francis",,11,
86,2016-05-31,10:00 AM- 12:00PM,"75 F, breezy",70 F,70.0,7,7.0,4,4.0,,35 ppt,35.0,,,10,10.0,"pipefish,altanic silverside,mud snail,whelk snail,ghost shrimp,green crab,asian shore crab,mussels,comb jelly","northern pipefish,atlantic silverside,mud snail,whelk snail,glass shrimp,green crab,asian shore crab,mussel,comb jelly","northern pipefish,atlantic silverside,sea snail,sea snail,shrimp,green crab,asian shore crab,mussel,comb jelly","1,4,1,1,3,2,~20,~6,~50","1,4,1,1,3,2,20,6,50",,"Christina, Sigrun, Isa, Eliza, 1 volunteer, 3 BCM staff",,,,
87,2016-06-01,10:00AM- 12:00PM,77 F,70 F,70.0,7,7.0,4,4.0,,24 ppt,24.0,,,?,,"yoy crab blue crab,atlantic tomcod,pipefish,asian shore crab,silverside,sandworm,comb jelly,shrimp,mud snail,mussels","blue crab,atlantic tomcod,northern pipefish,asian shore crab,atlantic silverside,sandworm,comb jelly,unidentified shrimp,mud snail,mussel","blue crab,atlantic tomcod,northern pipefish,asian shore crab,atlantic silverside,polychaete worm,comb jelly,shrimp,sea snail,mussel","1,1,1,5,2,1,25,1,2,2","1,1,1,5,2,1,25,1,2,2",,"Christina, Eliza, Haley, Isa, BOP",,,,
88,2016-06-04,2:00PM- 3:30PM,73 F,79 F,79.0,7,7.0,4,4.0,,22 ppt,22.0,,,Many,,"atlantic tomcod,comb jelly,striped bass,asian shore crab,silverside,pipefish,green crab,shrimp,moon jelly,tunicates,mud snail,blue crab,sandworm","atlantic tomcod,comb jelly,striped bass,asian shore crab,atlantic silverside,northern pipefish,green crab,unidentified shrimp,moon jelly,tunicate,mud snail,blue crab,sandworm","atlantic tomcod,comb jelly,striped bass,asian shore crab,atlantic silverside,northern pipefish,green crab,shrimp,jellyfish,tunicates,sea snail,blue crab,polychaete worm","1,80,11,7,72,2,2,11,2,4 clusters,8,1,1","1,80,11,7,72,2,2,11,2,4,8,1,1",,"Isa, Christina, Krista, Ethan, Ryan, Sara, Laura",,105,1,
89,2016-06-14,11AM - 12PM,82 F,67 F,67.0,7,7.0,4,4.0,,22 ppt,22.0,,,8,8.0,"atlantic tomcod,comb jelly,asian shore crab","atlantic tomcod,comb jelly,asian shore crab","atlantic tomcod,comb jelly,asian shore crab","1,75,4","1,75,4",,"Isa, Sigrun, Eliza",5,20,1,
90,2016-06-15,9:00AM - 1:00PM,75 F,63 F,63.0,?,,?,,,29 ppt,29.0,,,9,9.0,"striped bass,pipefish,silverside,asian shore crab,glass shrimp,comb jelly","striped bass,northern pipefish,atlantic silverside,asian shore crab,sand shrimp,comb jelly","striped bass,northern pipefish,atlantic silverside,asian shore crab,shrimp,comb jelly","1,2,1,1,1,200","1,2,1,1,1,200",,Isa,7,30,1,
91,2016-07-01,12:00PM - 1:00PM,84 F,73 F,73.0,7,7.0,4,4.0,,22 ppt,22.0,,,5,5.0,"lady crab,asian shore crab,comb jelly","lady crab,asian shore crab,comb jelly","lady crab,asian shore crab,comb jelly","1,1,10","1,1,10",,"Isa, Eliza, Shad, Haley",4,6,1,
92,2016-07-13,1:00PM-2:30PM,83 F,74 F,74.0,?,,?,,,27 ppt,27.0,,,6,6.0,"comb jelly,blue crab,atlantic menhaden","comb jelly,blue crab,atlantic menhaden","comb jelly,blue crab,atlantic menhaden","6,1,28","6,1,28",,"Isa, Peter, Eliza",14,19,,
93,2016-07-16,12:00PM - 1:30PM,87 F,72 F,72.0,7,7.0,4,4.0,,29 ppt,29.0,,,15,15.0,"sand shrimp,hermit crab,shore shrimp,summer flounder,windowpane flounder,northern sea robin,asian shore crab,blue crab","sand shrimp,unidentified hermit crab,shore shrimp,summer flounder,windowpane flounder,sea robin,asian shore crab,blue crab","shrimp,hermit crab,shrimp,flatfish,flatfish,sea robin,asian shore crab,blue crab","1,1,1,1,1,1,1,1","1,1,1,1,1,1,1,1",,Cynthia and others,8,50,1,
94,2016-07-28,?,87 F,74 F,74.0,?,,4,4.0,,28 ppt,28.0,,,19,19.0,"silverside,sea bass,comb jelly,blue crab,lady crab,winter flounder,mud snail","atlantic silverside,black sea bass,comb jelly,blue crab,lady crab,winter flounder,mud snail","atlantic silverside,black sea bass,comb jelly,blue crab,lady crab,flatfish,sea snail","6,1,45,1,1,2,1","6,1,45,1,1,2,1",,"Peter, Isa",?,?,1,
95,2016-07-29,10:30AM - 1:00PM,85 F,75 F,75.0,?,,?,,,28,28.0,,,13,13.0,"silverside,blue crab,asian shore crab,green crab,mud snail,western mosquito fish,amphipods,comb jelly,mud crab","atlantic silverside,blue crab,asian shore crab,green crab,mud snail,western mosquito fish,amphipod,comb jelly,mud crab","atlantic silverside,blue crab,asian shore crab,green crab,sea snail,western mosquito fish,amphipod,comb jelly,mud crab","2,2,1,1,1,2,10+,20+,1","2,2,1,1,1,2,10,20,1",,3,22,80,2,
96,2016-08-12,10:00AM - 1:00PM,93 F,?,,?,,?,,,?,,,,~15,15.0,"winter flounder,silverside,porgy,cunner,green crab,blue crab,unidentified fish,mussles,shore shrimp,comb jelly","winter flounder,atlantic silverside,porgy,cunner,green crab,blue crab,unidentified fish,mussel,shore shrimp,comb jelly","flatfish,atlantic silverside,porgy,cunner,green crab,blue crab,unidentified fish,mussel,shrimp,comb jelly","1,14,1,1,1,1,1,2,3,50","1,14,1,1,1,1,1,2,3,50",,Isa,8,70,,
97,2016-08-13,10:00AM - 12:00PM,96 F,?,,?,,?,,,?,,,,20,20.0,"lady crab,mussel,winter flounder,shore shrimp,silverside,porgy,mud snail,northern pipefish,comb jelly,blue crab,black sea bass,cunner,porgies,sea robin,comb jelly,northern kingfish","lady crab,unidentified mussel,winter flounder,shore shrimp,atlantic silverside,porgy,mud snail,northern pipefish,comb jelly,blue crab,black sea bass,cunner,porgy,northern sea robin,comb jelly,northern kingfish","lady crab,mussel,flatfish,shrimp,atlantic silverside,porgy,sea snail,northern pipefish,comb jelly,blue crab,black sea bass,cunner,porgy,sea robin,comb jelly,northern kingfish","1,1,1,5,11,1,6,1,50,1,10,1,2,1,25,1","1,1,1,5,11,1,6,1,50,1,10,1,2,1,25,1",,Peter Park,6,10,1,
98,2016-09-18,4:00PM - 7:00PM,82 F,?,,?,,?,,,?,,,,?,,"comb jelly,black sea bass,cunner,porgy,silver perch,atlantic menhaden,tautog,striped bass,mud snail,atlantic silverside,blue crab,atlanticsilverside,seaboard goby,common spider crab,comb jelly,oyster toadfish,black sea bass,striped bass,asian shore crab","comb jelly,black sea bass,cunner,porgy,silver perch,atlantic menhaden,tautog,striped bass,mud snail,atlantic silverside,blue crab,atlantic silverside,seaboard goby,spider crab,comb jelly,oyster toadfish,black sea bass,striped bass,asian shore crab","comb jelly,black sea bass,cunner,porgy,silver perch,atlantic menhaden,tautog,striped bass,sea snail,atlantic silverside,blue crab,atlantic silverside,seaboard goby,spider crab,comb jelly,oyster toadfish,black sea bass,striped bass,asian shore crab","Too Many To Count,2,1,3,1,6,1,1,1,7,1,22,1,1,Too Many To Count,2,4,2,Did Not Count","30,2,1,3,1,6,1,1,1,7,1,22,1,1,30,2,4,2,1",?,Peter Park,?,?,,
99,2016-09-19,10:00AM-12:30PM,76 F,74 F,74.0,?,,?,,,25 ppt,25.0,,,?,,"black sea bass,striped bass,northern sea robin,bay anchovy,atlantic silverside,atlantic menhaden,shore shrimp,mud snail,comb jelly,blue crab,american eel,oyster drill,asian shore crab,red beard sponge,eastern oyster,green crab,naked goby,mud snail,amphipods,porgy,comb jelly,black sea bass,shore shrimp,black fingered mud crab,star tunicate,sandworm,tunicates,blue crab,comb jelly,cunner,northern kingfish,bay anchovy,mole crab,spider crab,atlantic silverside","black sea bass,striped bass,sea robin,bay anchovy,atlantic silverside,atlantic menhaden,shore shrimp,mud snail,comb jelly,blue crab,american eel,oyster drill snail,asian shore crab,red beard sponge,eastern oyster,green crab,naked goby,mud snail,amphipod,porgy,comb jelly,black sea bass,shore shrimp,black fingered mud crab,golden star tunicate,sandworm,tunicate,blue crab,comb jelly,cunner,northern kingfish,bay anchovy,mole crab,spider crab,atlantic silverside","black sea bass,striped bass,sea robin,bay anchovy,atlantic silverside,atlantic menhaden,shrimp,sea snail,comb jelly,blue crab,american eel,sea snail,asian shore crab,sponge,oyster,green crab,naked goby,sea snail,amphipod,porgy,comb jelly,black sea bass,shrimp,mud crab,tunicates,polychaete worm,tunicates,blue crab,comb jelly,cunner,northern kingfish,bay anchovy,mole crab,spider crab,atlantic silverside","1,1,1,12,21,32,3,63,Too Many To Count,2,1,1,1,1,Too Many To Count,4,1,23,Too Many To Count,1,Too Many To Count,3,2,2,Too Many To Count,1,Too Many To Count,1,Too Many To Count,1,2,3,1,1,21","1,1,1,12,21,32,3,63,30,2,1,1,1,1,30,4,1,23,30,1,30,3,2,2,30,1,30,1,30,1,2,3,1,1,21",Centropristis Striata,"Park, Phillips",?,?,,
100,2016-09-25,10:00AM - 11:40AM,64 F,65 F,65.0,7,7.0,4,4.0,,?,,,,15+,15.0,"bay anchovy,silverside,cunner,comb jelly,mud snail,asian shore crabs,mud crab,blue crab,winter flounder,blue mussels","bay anchovy,atlantic silverside,cunner,comb jelly,mud snail,asian shore crab,mud crab,blue crab,winter flounder,blue mussel","bay anchovy,atlantic silverside,cunner,comb jelly,sea snail,asian shore crab,mud crab,blue crab,flatfish,mussel","1,10,1,Too Many To Count,4,2,1,1,1,2","1,10,1,30,4,2,1,1,1,2",,"Cynthia Fowx, Hopson, Phillips",None,30,,
101,2016-09-28,10:30AM - 12:30AM,70 F,74 F,74.0,?,,?,,,22 ppt,22.0,,,7,7.0,"comb jelly,asian shore crab,moon jelly,silverside,menhaden","comb jelly,asian shore crab,moon jelly,atlantic silverside,atlantic menhaden","comb jelly,asian shore crab,jellyfish,atlantic silverside,atlantic menhaden","TMTC,6,1,31,4","30,6,1,31,4",,"Isa, Eliza, Shad",?,70,,
102,2016-10-01,?,?,?,,?,,?,,,22 ppt,22.0,,,?,,"cunner,mullet fish,porgy,atlantic silverside,mud snail,comb jelly,clam,blue crab","cunner,mullet fish,porgy,atlantic silverside,mud snail,comb jelly,clam,blue crab","cunner,mullet fish,porgy,atlantic silverside,sea snail,comb jelly,clam,blue crab","1,1,5,26,1,TMTC,1,2","1,1,5,26,1,30,1,2",,?,?,?,,
103,2017-06-03,10:00 AM- 11:30 AM,"68 F @ 9:45 AM, Cloudy","59 F @ 9 AM, 62 F @ 10 AM",59.0,did not perform,,9,9.0,"20.4 cm, 40 NTU",22 ppt (w/ hydrometer and refractometer),22.0,OUT,"High Tide: 4:53 AM, Low Tide: 10:54 AM",between 10-14 (two nets going at once),10.0,"comb jelly,atlantic menhaden,yoy blueback herring,yoy american shad,yoy striped bass,shore shrimp,mud snail,oyster drill snail,yoy blue crab,asian shore crabs,snail eggs","comb jelly,atlantic menhaden,blueback herring,american shad,striped bass,shore shrimp,mud snail,oyster drill snail,blue crab,asian shore crab,unidentified snail eggs","comb jelly,atlantic menhaden,herring,american shad,striped bass,shrimp,sea snail,sea snail,blue crab,asian shore crab,sea snail","TMTC,1,14,1,1,2,3,1,1,2,unknown","30,1,14,1,1,2,3,1,1,2,1",,"Peter Park, Haley, Shad, Isa, Christina, 2 BBPC volunteers, 3 Nyack Fishing Club, 3 Summer Associates",,118,,"During several seines throughtout the summer, many YOY clupeid species were caught and difficult to identify. In a lab, one fish was identified as American Shad, the other as Blueback Herring. The two species are very difficult to distinguish unless opened up to observe the peritoneum.                             Species with an astirik * are listed with best educated guess, but not certainty."
104,2017-06-09,3:30 PM- 5:00 PM,"90 F @ 3PM, 81 F @ 5 PM","66 F @ 3 PM, 63 F @ 5PM",66.0,"7, 7 (two tests by students)",7.0,"4, 0 (two tests by students)",4.0,Did not perform,"23, 22 ppt",23.0,IN,"High Tide: 9:44 PM, Low Tide: 3:23 PM",unknown,,"pipefish,comb jelly,striped bass,bay anchovy,mud snail,sand shrimp,asian shore crabs,glass shrimp shore shrimp,yoy blueback herring","northern pipefish,comb jelly,striped bass,bay anchovy,mud snail,sand shrimp,asian shore crab,glass shrimp,blueback herring","northern pipefish,comb jelly,striped bass,bay anchovy,sea snail,shrimp,asian shore crab,shrimp,herring","2,20,1,1,2,16,1,1,38","2,20,1,1,2,16,1,1,38",,"Christina, Isa, Haley, Eliza",8 (St. Francis After School) plus few from YES Sympossium,,,
105,2017-06-10,9:30 AM- 11:30 PM,75 F,73 F,73.0,8,8.0,0,0.0,Did not perform,21 ppt,21.0,OUT,"High Tide: 5:55 AM, Low Tide: 11:45 AM",at least 10,10.0,"glass shrimp,blueback herring,pipefish,blue crab,asian shore crab,oyster drill,sand shrimp,mussel,moon jelly,comb jelly,sea squirts,sandworm,mud snail","sand shrimp,blueback herring,northern pipefish,blue crab,asian shore crab,oyster drill snail,sand shrimp,unidentified mussel,moon jelly,comb jelly,sea squirt,sandworm,mud snail","shrimp,herring,northern pipefish,blue crab,asian shore crab,sea snail,shrimp,mussel,jellyfish,comb jelly,tunicates,polychaete worm,sea snail","7,5,1,2,3,7,2,2,1,TMTC,TMTC,1,6","7,5,1,2,3,7,2,2,1,30,30,1,6",,"Christina, Isa, Eliza, Haley, 4 SA, Laura",students too young,,7,
106,2017-06-18,9:30 AM- 11:00 AM,77 F/ Sunny,70 F,70.0,7,7.0,4,4.0,Did not perform,27,27.0,OUT/IN,"High Tide: 3:05 AM, Low Tide: 10:04 AM",15,15.0,"lady crab,comb jelly,mud snail,blueback herring,glass shrimp,sand shrimp,moon jelly,asian shore crab","lady crab,comb jelly,mud snail,blueback herring,sand shrimp,sand shrimp,moon jelly,asian shore crab","lady crab,comb jelly,sea snail,herring,shrimp,shrimp,jellyfish,asian shore crab","1,20 +,2,23,1,1,1,2","1,20,2,23,1,1,1,2",,"Peter Park, 11 seiners",,9,,
107,2017-06-25,4:00 PM- 5:00 PM,80 F/ Sun with clouds,Did not perform,,did not perform,,did not perform,,did not perform,did not perform,,OUT,"High Tide: 10:35 PM, Low Tide: 4:12 PM",18,18.0,"sand shrimp,winter flounder,comb jelly,mud crab,blue crab,herring","sand shrimp,winter flounder,comb jelly,mud crab,blue crab,unidentified herring","shrimp,flatfish,comb jelly,mud crab,blue crab,herring","25,2,5,1,1,1","25,2,5,1,1,1",,"Cynthia, Haley, Laura, Sarah, Isa",,30?,1,
108,2017-07-06,11:30 AM,84 F / Cloudy,78 F,78.0,7.8,7.8,6,6.0,"20 cm , 30 NTU",21,21.0,OUT,High Tide: 7:47AM Low Tide: 1:25AM,12+,12.0,"tautog,comb jellies,oyster toad fish,yoy herring,mud snail,menhaden,shore shrimp,oyster drill snail","tautog,comb jelly,oyster toadfish,unidentified herring,mud snail,atlantic menhaden,shore shrimp,oyster drill snail","tautog,comb jelly,oyster toadfish,herring,sea snail,atlantic menhaden,shrimp,sea snail","1,TMTC,1,4,3,1,1,2","1,30,1,4,3,1,1,2",,"Haley, Christina, Isa, Eliza, Shad",,N/A                           Tank Stocking Day,1,
109,2017-07-15,6:00 PM,"85 F, Sunny",75 F,75.0,7.5,7.5,6,6.0,20 NTU,26,26.0,OUT,High Tide: 1:45 PM Low Tide: 8:00 PM,11,11.0,"atlantic silverside,alewife,blue crab,comb jelly,shore shrimp,blue fish,moon jelly,american eel,black sea bass,cunner,tunicate sponge,sea squirt,yoy striped bass,tautog","atlantic silverside,alewife,blue crab,comb jelly,shore shrimp,bluefish,moon jelly,american eel,black sea bass,cunner,tunicate,sea squirt,striped bass,tautog","atlantic silverside,herring,blue crab,comb jelly,shrimp,bluefish,jellyfish,american eel,black sea bass,cunner,tunicates,tunicates,striped bass,tautog","5,5,1,TMTC,2,1,2,1,1,1,1 colony,1,5,1","5,5,1,30,2,1,2,1,1,1,1,1,5,1",,"Cynthia, Volunteer, Eliza, Laura, Ethan, CMT",,34,5,
110,2017-07-19,10:30 AM,76 F,82 F,82.0,7 (4 TESTS),7.0,"3,4 (2 TESTS)",3.0,10 NTU?,"23,24,20,28 AVERAGE: 24",23.0,OUT,High Tide: 5:32 AM Low Tide: 11:23AM,unknown,,"winter flounder,blue crab,silverside,asian shore crab,stripped bass,oyster drills,muslces,comb jellys,atlantic tomcod,shore shrimp,sand shrimp,sandworm,moon jellys,mud snails","winter flounder,blue crab,atlantic silverside,asian shore crab,striped bass,oyster drill snail,mussel,comb jelly,atlantic tomcod,shore shrimp,sand shrimp,sandworm,moon jelly,mud snail","flatfish,blue crab,atlantic silverside,asian shore crab,striped bass,sea snail,mussel,comb jelly,atlantic tomcod,shrimp,shrimp,polychaete worm,jellyfish,sea snail","1,5,4,1,9,8 +,1,50+,1,3,1,1,2,2","1,5,4,1,9,8,1,50,1,3,1,1,2,2",,"Laura, Eliza, Zebeda, Shad, Isa",St. Francis 20 seiners,,1,
111,2017-07-22,Start: 1:30PM   End:2:30PM,88F Sunny,76F,76.0,7.57,7.57,5,5.0,,21 ppt,21.0,IN,High tide: 8:37 PM  Low tide: 2:10PM,unknown,,"yoy herring,asian shore crab,stripped bass,blue crab,winter flounder,silversides,sand shrimp,shore shrimp","unidentified herring,asian shore crab,striped bass,blue crab,winter flounder,atlantic silverside,sand shrimp,shore shrimp","herring,asian shore crab,striped bass,blue crab,flatfish,atlantic silverside,shrimp,shrimp","8,1,1,2,1,2,1,2","8,1,1,2,1,2,1,2",,"Isa, Cythia, Manny, Ethan, Bob",,49,,
112,2017-08-02,Start: 10:00 AM End: 2:30 PM,84 F Partly Cloudy,75F,75.0,7.7,7.7,6,6.0,37 cm,22 ppt,22.0,OUT,High tide: 6:13 PM  Low Tide: 11:25 AM,12,12.0,"blue crab,striped bass,silverside,comb jelly,moon jelly","blue crab,striped bass,atlantic silverside,comb jelly,moon jelly","blue crab,striped bass,atlantic silverside,comb jelly,jellyfish","1,9,2,TMTC,12","1,9,2,30,12",,"Christina, Shad, Eliza, Isa, Zebeda",students too young,,0,
113,2017-08-05,Unknown,73 F,75 F,75.0,7.5,7.5,6,6.0,35 cm,22,22.0,OUT,"High tide: 8:17 PM, Low Tide: 1:45 PM",17,17.0,"northern kingfish yoy,tautog,cunner yoy,northern pipefish,blueback herring yoy,alewife,moon jelly,winter flounder,sand shrimp,striped bass yoy,clams,comb jelly,oysters,shore shrimp,blue crab","northern kingfish,tautog,cunner,northern pipefish,blueback herring,alewife,moon jelly,winter flounder,sand shrimp,striped bass,clam,comb jelly,eastern oyster,shore shrimp,blue crab","northern kingfish,tautog,cunner,northern pipefish,herring,herring,jellyfish,flatfish,shrimp,striped bass,clam,comb jelly,oyster,shrimp,blue crab","1,4,1,1,34,1,3,4,1,7,8,TMTC,43,3,2","1,4,1,1,34,1,3,4,1,7,8,30,43,3,2",,"Peter Park, Isa, Eliza, Kathy (vol), Shelieta & brother, 2 SA (10 seiners total)",,108,1,
114,2017-08-20,Start: 1:00 PM End: 2:30 PM,75 F Sunny,75 F,75.0,7.31,7.31,4,4.0,24,21,21.0,OUT,Low Tide: 2:00 PM,20,20.0,"grass shrimp,tautog,striped bass,atlantic menhaden,atlantic silverside,silver perch,herring spp pre metamorph,hermit crab,winter flounder,mud crab,asian shore crab,blue crab,mud snail,oyster drill,comb jelly,moon jelly,sand shrimp","sand shrimp,tautog,striped bass,atlantic menhaden,atlantic silverside,silver perch,unidentified herring,unidentified hermit crab,winter flounder,mud crab,asian shore crab,blue crab,mud snail,oyster drill snail,comb jelly,moon jelly,sand shrimp","shrimp,tautog,striped bass,atlantic menhaden,atlantic silverside,silver perch,herring,hermit crab,flatfish,mud crab,asian shore crab,blue crab,sea snail,sea snail,comb jelly,jellyfish,shrimp","2,1,8,1,16,6,10,1,1,3,4,2,5,2,7,1,1","2,1,8,1,16,6,10,1,1,3,4,2,5,2,7,1,1",,Peter Park,,127,,
115,2017-09-17,Start: 11:45 AM End: 1:30 PM,75 F Partly Cloudy,72 F,72.0,7.77,7.77,6,6.0,60,23,23.0,Out,High Tide: 2:04 AM Low Tide 12:33 AM,,,"shore shrimp,yoy silverside,striped bass,blue crab,grubby,asian shore crab,silverside,comb jelly,lady crab,spotted whiff","shore shrimp,atlantic silverside,striped bass,blue crab,grubby,asian shore crab,atlantic silverside,comb jelly,lady crab,spotted whiff","shrimp,atlantic silverside,striped bass,blue crab,grubby,asian shore crab,atlantic silverside,comb jelly,lady crab,spotted whiff","2,6,1,5,1,12,1,TMTC,1,1","2,6,1,5,1,12,1,30,1,1",,"Cynthia F, Isa Del Bello",,,,
116,2017-10-07,Start: 3:00 PM End: 4:30 PM,84.5 F,72 F,72.0,,,6,6.0,0 JTU,20 ppt,20.0,Out,Low Tide 4:42 PM,10,10.0,"oyster drill,comb jelly,asian shore crab,mud snails","oyster drill snail,comb jelly,asian shore crab,mud snail","sea snail,comb jelly,asian shore crab,sea snail","4,TMTC,14,9","4,30,14,9",,"Eliza, Elizabeth",11,2,1,
