,site_name,sample_date,specimen_count,specimen_count_int,temperature,salinity,chlorophyll,turbidity,oxygen,rain_day_of,rain_prior_day,rain_2_days_prior,rain_3_days_prior,rain_3_day_total,rain_4_days_prior,rain_5_days_prior,rain_5_day_total,site_type
614,"Castle Point, NJ",10/15/2017 0:00,<10,10,69.5,18.8,2,10.4,76.1,0,0.08,0,0.07,0.15,0.06,0,0.21,Hudson
615,"Castle Point, NJ",9/10/2017 0:00,<10,10,70.3,19.9,3,8.1,78.8,0,0,0,0.01,0.01,0.42,0,0.43,Hudson
616,"Castle Point, NJ",8/13/2017 0:00,<10,10,75.7,19.2,4,9.6,72.7,0,0.11,0,0,0.11,0,0,0.11,Hudson
617,"Castle Point, NJ",7/9/2017 0:00,10,10,75.1,11.3,3.3,9.6,95.3,0,0,1.78,0,1.78,0,0,1.78,Hudson
618,"Castle Point, NJ",6/11/2017 0:00,10,10,67.4,10.3,2.1,13.4,88.2,0,0,0,0,0,0,0.06,0.06,Hudson
619,"Castle Point, NJ",5/14/2017 0:00,41,41,57.5,6,2.1,22.1,93.5,0.02,1.61,0,0,1.63,0,0,1.63,Hudson
620,"Castle Point, NJ",10/12/2016 0:00,<10,10,65.8,18.9,3,34,88,0,0,0,0.6,0.6,0.2,0,0.8,Hudson
621,"Castle Point, NJ",9/13/2016 0:00,<10,10,76.5,17.7,9.5,-99,98,0,0,0,0,0,0.2,0,0.2,Hudson
622,"Castle Point, NJ",8/14/2016 0:00,<10,10,82.6,14.8,42.1,25,161,0,0,0.3,0.2,0.5,0.1,0,0.6,Hudson
623,"Castle Point, NJ",7/12/2016 0:00,<10,10,77.6,13.4,7.9,10,98,0,0,0,0.5,0.5,0.1,0,0.6,Hudson
624,"Castle Point, NJ",6/14/2016 0:00,<10,10,69.4,9.5,3.7,29,99,0,0,0,0,0,0,0,0,Hudson
625,"Castle Point, NJ",5/19/2016 0:00,<10,10,59.1,13.4,2.7,-99,95,0,0,0,0,0,0,0,0,Hudson
626,"Castle Point, NJ",10/11/2015 0:00,40,40,65.6,20.9,2.9,52,84,0,0,0.9,0,0.9,0,0,0.9,Hudson
627,"Castle Point, NJ",9/10/2015 0:00,441,441,77.3,21.6,5.7,38,71,1.6,0,0,0,1.6,0,0,1.6,Hudson
628,"Castle Point, NJ",8/11/2015 0:00,605,605,74.4,22.2,4.2,18,80,1.2,0,0,0,1.2,0,0,1.2,Hudson
629,"Castle Point, NJ",7/7/2015 0:00,<10,10,73,16.9,2.5,22,76,0,0,0,0,0,0,0,0,Hudson
630,"Castle Point, NJ",6/10/2015 0:00,10,10,67.4,15.7,2.3,11,82,0,0,0.1,0,0.1,0.2,0.1,0.4,Hudson
631,"Castle Point, NJ",5/11/2015 0:00,<10,10,58.2,18.3,3.6,26,94,0,0,0,0,0,0,0,0,Hudson
632,"Castle Point, NJ",10/12/2014 0:00,10,10,64.6,23.2,1.7,10,80,0,0.3,0,0,0.3,0,0.1,0.4,Hudson
633,"Castle Point, NJ",9/7/2014 0:00,<10,10,77.2,15.5,5.1,22,78,0,0.1,0,0,0.1,0,0,0.1,Hudson
634,"Castle Point, NJ",8/11/2014 0:00,10,10,76.2,18.7,4,43,76,0,0,0,0,0,0,0,0,Hudson
635,"Castle Point, NJ",7/7/2014 0:00,<10,10,74.8,11.3,5.8,14,91,0,0,0,0.1,0.1,1.8,1,2.9,Hudson
636,"Castle Point, NJ",6/12/2014 0:00,10,10,66.3,14.7,22.6,62,102,0,0,0,1.6,1.6,0,0,1.6,Hudson
637,"Castle Point, NJ",5/12/2014 0:00,52,52,58.6,7,2.4,35,97,0,0,0.4,0,0.4,0.4,0,0.8,Hudson
638,"Castle Point, NJ",10/16/2013 0:00,10,10,65.2,23,1.4,17,84,0,0,0,0,0,0,0,0,Hudson
639,"Castle Point, NJ",9/18/2013 0:00,20,20,68,23.1,2.3,16,76,0,0,0,0,0,0,0.1,0.1,Hudson
640,"Castle Point, NJ",8/14/2013 0:00,51,51,74.4,17.7,3.6,19,80,0,0.9,0.1,0,1,0,0.1,1.1,Hudson
641,"Castle Point, NJ",7/17/2013 0:00,<10,10,80.1,10.1,10.2,199,95,0,0,0,0,0,0.1,0.3,0.4,Hudson
642,"Castle Point, NJ",6/19/2013 0:00,20,20,70.7,3.9,3.5,19,95,0,0.2,0,0,0.2,0,0.4,0.6,Hudson
643,"Castle Point, NJ",5/31/2013 0:00,20,20,64.8,9.7,2,43,86,0,0,0,0.5,0.5,0,0,0.5,Hudson
644,"Castle Point, NJ",11/8/2012 0:00,228,228,51.6,11.8,0.9,26,89,0.1,1.1,0,0,1.2,-99,-99,1.2,Hudson
645,"Castle Point, NJ",10/10/2012 0:00,52,52,65.8,12.7,4.7,14,86,0.3,0,0,0.2,0.5,-99,-99,0.5,Hudson
646,"Castle Point, NJ",9/10/2012 0:00,20,20,76.7,13.7,8.7,59,90,0,0,0.4,0,0.4,-99,-99,0.4,Hudson
647,"Castle Point, NJ",8/13/2012 0:00,<10,10,81.6,17.5,9.5,10,122,0,0,0,0.2,0.2,-99,-99,0.2,Hudson
648,"Castle Point, NJ",7/16/2012 0:00,<10,10,81.2,17.8,10.6,14,120,0,0.3,0,0,0.3,-99,-99,0.3,Hudson
649,"Castle Point, NJ",6/11/2012 0:00,51,51,71.5,9.5,6,-99,87,0,0,0,0,0,-99,-99,0,Hudson
650,"Castle Point, NJ",5/15/2012 0:00,20,20,61.7,5.6,2.7,56,96,0.5,0,0,0,0.5,-99,-99,0.5,Hudson
651,"Castle Point, NJ",10/21/2011 0:00,74,74,62,6.2,1.4,29,87,0,0,1.1,0,1.1,-99,-99,1.1,Hudson
652,"Castle Point, NJ",9/14/2011 0:00,31,31,72.2,5.6,1.6,56,79,0,0,0,0,0,-99,-99,0,Hudson
653,"Castle Point, NJ",8/16/2011 0:00,10,10,77.3,17.5,1.9,24,74,0,0.6,5.8,0,6.4,-99,-99,6.4,Hudson
654,"Castle Point, NJ",7/25/2011 0:00,10,10,80.9,8.2,20,10,130,0,0,0,0,0,-99,-99,0,Hudson
655,"Castle Point, NJ",7/22/2011 0:00,<10,10,80.4,14.7,9.6,10,-99,0,0,0,0,0,-99,-99,0,Hudson
656,"Castle Point, NJ",7/21/2011 0:00,<10,10,-99,-99,-99,-99,-99,0,0,0,0.1,0.1,-99,-99,0.1,Hudson
657,"Castle Point, NJ",7/19/2011 0:00,<10,10,79.3,14.4,2.6,219,83,0,0.1,0,0,0.1,-99,-99,0.1,Hudson
658,"Castle Point, NJ",6/27/2011 0:00,10,10,76.2,5.1,10.9,43,96,0,0,0,0,0,-99,-99,0,Hudson
659,"Castle Point, NJ",5/16/2011 0:00,144,144,57.3,10.9,3,48,86,0.2,0.9,0,0,1.1,-99,-99,1.1,Hudson
660,"Castle Point, NJ",10/12/2010 0:00,231,231,66.5,10.9,5.3,13,86,0.1,1.1,0,0,1.2,-99,-99,1.2,Hudson
661,"Castle Point, NJ",9/11/2010 0:00,10,10,71.4,25.5,3.9,21,78,0,0,0,0,0,-99,-99,0,Hudson
662,"Castle Point, NJ",8/17/2010 0:00,<10,10,78.7,17.7,3.6,13,70,0,0.1,0.2,0,0.3,-99,-99,0.3,Hudson
663,"Castle Point, NJ",7/21/2010 0:00,<10,10,81,16,46.1,14,131,0,0,0.1,0,0.1,-99,-99,0.1,Hudson
664,"Castle Point, NJ",6/15/2010 0:00,<10,10,67.6,21.6,2.5,13,74,0,0,0.3,0,0.3,-99,-99,0.3,Hudson
665,"Castle Point, NJ",5/21/2010 0:00,<10,10,61.4,13.6,2.9,27,88,0,0,0,1.1,1.1,-99,-99,1.1,Hudson
666,"Castle Point, NJ",10/19/2009 0:00,41,41,57.7,21,-99,-99,86,0,0.3,0,0.1,0.4,-99,-99,0.4,Hudson
667,"Castle Point, NJ",9/14/2009 0:00,<10,10,73.1,13.1,2.3,33,85,0,0,0,0.8,0.8,-99,-99,0.8,Hudson
668,"Castle Point, NJ",8/20/2009 0:00,10,10,77.9,18.9,2.5,38,67,0,0,0.6,0,0.6,-99,-99,0.6,Hudson
669,"Castle Point, NJ",7/28/2009 0:00,20,20,76.7,13.1,2.5,16,75,0,0.6,1.4,0,2,-99,-99,2,Hudson
670,"Castle Point, NJ",6/22/2009 0:00,31,31,70,5,1.1,64,80,0,0.5,0.3,0,0.8,-99,-99,0.8,Hudson
671,"Castle Point, NJ",6/6/2009 0:00,121,121,-99,-99,-99,-99,-99,0,0.9,0.5,0.5,1.9,-99,-99,1.9,Hudson
672,"Castle Point, NJ",5/12/2009 0:00,20,20,60.3,8.5,1.4,69,90,0,0,0,0.6,0.6,-99,-99,0.6,Hudson
673,"Castle Point, NJ",10/20/2008 0:00,<10,10,61.5,24.3,1.7,6,85,0,0,0,0,0,-99,-99,0,Hudson
674,"Castle Point, NJ",9/24/2008 0:00,<10,10,70.5,15.2,2.1,12,83,0,0,0,0,0,-99,-99,0,Hudson
675,"Castle Point, NJ",8/19/2008 0:00,10,10,74.2,20.4,1.8,10,75,0,0,0,0,0,-99,-99,0,Hudson
676,"Castle Point, NJ",7/14/2008 0:00,20,20,77.3,13.2,5.3,12,97,0.5,0,0,0,0.5,-99,-99,0.5,Hudson
677,"Castle Point, NJ",7/2/2008 0:00,10,10,74.1,16.7,2.9,26,80,0,0,0,0.6,0.6,-99,-99,0.6,Hudson
678,"Castle Point, NJ",6/24/2008 0:00,<10,10,72.5,16.8,3.6,12,85,0,0.1,0.1,0,0.2,-99,-99,0.2,Hudson
679,"Castle Point, NJ",5/19/2008 0:00,41,41,57.8,15.3,0.9,28,88,0,0.1,0,0.9,1,-99,-99,1,Hudson
1203,East River mid-channel at Roosevelt Is.,10/16/2017 0:00,20,20,68.7,23.9,1.4,5.5,73.6,0.01,0,0.08,0,0.09,0.07,0.06,0.22,Hudson
1204,East River mid-channel at Roosevelt Is.,9/11/2017 0:00,<10,10,69.7,23.5,2.2,6.8,70.7,0,0,0,0,0,0.01,0.42,0.43,Hudson
1205,East River mid-channel at Roosevelt Is.,8/14/2017 0:00,<10,10,74.8,23.2,2.4,7.8,52.6,0,0,0.11,0,0.11,0,0,0.11,Hudson
1206,East River mid-channel at Roosevelt Is.,7/10/2017 0:00,10,10,70.1,21,1.7,14.7,77.8,0,0,1.78,0,1.78,0,0,1.78,Hudson
1207,East River mid-channel at Roosevelt Is.,6/12/2017 0:00,<10,10,65.1,19.2,2.2,12.6,81.6,0,0,0,0,0,0,0,0,Hudson
1208,East River mid-channel at Roosevelt Is.,5/15/2017 0:00,41,41,55.5,20.2,2,9.1,83.6,0,0.02,1.61,0,1.63,0,0,1.63,Hudson
1209,East River mid-channel at Roosevelt Is.,10/13/2016 0:00,<10,10,66,25.1,2.1,38,81,0,0,0,0,0,0.6,0.2,0.8,Hudson
1210,East River mid-channel at Roosevelt Is.,9/14/2016 0:00,10,10,75.4,24.3,4.6,-99,76,0,0,0,0,0,0,0.2,0.2,Hudson
1211,East River mid-channel at Roosevelt Is.,8/15/2016 0:00,10,10,77.9,24,5.2,26,75,0,0.1,0,0.3,0.4,0.2,0.1,0.7,Hudson
1212,East River mid-channel at Roosevelt Is.,7/12/2016 0:00,20,20,73,23.5,2.2,8,65,0,0,0,0.5,0.5,0.1,0,0.6,Hudson
1213,East River mid-channel at Roosevelt Is.,6/15/2016 0:00,<10,10,63.4,23,2.3,18,83,0,0,0,0,0,0,0,0,Hudson
1214,East River mid-channel at Roosevelt Is.,5/20/2016 0:00,<10,10,55.9,22,3.5,-99,89,0,0,0,0,0,0,0,0,Hudson
1215,East River mid-channel at Roosevelt Is.,10/12/2015 0:00,<10,10,65.1,24.1,2,15,79,0,0,0,0.9,0.9,0,0,0.9,Hudson
1216,East River mid-channel at Roosevelt Is.,9/11/2015 0:00,74,74,76.5,25.5,4.4,7,63,0,1.6,0,0,1.6,0,0,1.6,Hudson
1217,East River mid-channel at Roosevelt Is.,8/12/2015 0:00,41,41,74.1,24.7,2.3,6,68,0,1.2,0,0,1.2,0,0,1.2,Hudson
1218,East River mid-channel at Roosevelt Is.,7/8/2015 0:00,<10,10,71.1,23.3,2.6,15,65,0,0.1,0,0,0.1,0,0,0.1,Hudson
1219,East River mid-channel at Roosevelt Is.,6/11/2015 0:00,<10,10,64.6,21.9,2,-99,70,0,0,0,0.1,0.1,0,0.2,0.3,Hudson
1220,East River mid-channel at Roosevelt Is.,5/12/2015 0:00,10,10,55.7,23.3,5.3,15,91,0,0,0,0,0,0,0,0,Hudson
1221,East River mid-channel at Roosevelt Is.,10/13/2014 0:00,<10,10,65,24.4,1.6,5,75,0,0,0.3,0,0.3,0,0,0.3,Hudson
1222,East River mid-channel at Roosevelt Is.,9/7/2014 0:00,10,10,75.9,24.4,2.7,15,58,0,0.1,0,0,0.1,0,0,0.1,Hudson
1223,East River mid-channel at Roosevelt Is.,8/11/2014 0:00,<10,10,74.5,22.6,1.6,18,65,0,0,0,0,0,0,0,0,Hudson
1224,East River mid-channel at Roosevelt Is.,7/7/2014 0:00,20,20,71.2,22.1,1.8,8,64,0,0,0,0.1,0.1,1.8,1,2.9,Hudson
1225,East River mid-channel at Roosevelt Is.,6/12/2014 0:00,31,31,64,22,3.8,15,77,0,0,0,1.6,1.6,0,0,1.6,Hudson
1226,East River mid-channel at Roosevelt Is.,5/12/2014 0:00,20,20,53.9,20.7,2,15,87,0,0,0.4,0,0.4,0.4,0,0.8,Hudson
1227,East River mid-channel at Roosevelt Is.,10/16/2013 0:00,<10,10,65.4,25,1.3,4,80,0,0,0,0,0,0,0,0,Hudson
1228,East River mid-channel at Roosevelt Is.,9/18/2013 0:00,<10,10,70.4,25.5,2.9,25,69,0,0,0,0,0,0,0.1,0.1,Hudson
1229,East River mid-channel at Roosevelt Is.,8/14/2013 0:00,221,221,73.2,23.3,1.8,19,54,0,0.9,0.1,0,1,0,0.1,1.1,Hudson
1230,East River mid-channel at Roosevelt Is.,7/17/2013 0:00,<10,10,74.7,23.1,4.8,13,68,0,0,0,0,0,0.1,0.3,0.4,Hudson
1231,East River mid-channel at Roosevelt Is.,6/19/2013 0:00,41,41,68.1,21.5,1.9,12,73,0,0.2,0,0,0.2,0,0.4,0.6,Hudson
1232,East River mid-channel at Roosevelt Is.,5/31/2013 0:00,<10,10,61.8,23.1,1.4,11,73,0,0,0,0.5,0.5,0,0,0.5,Hudson
1233,East River mid-channel at Roosevelt Is.,10/10/2012 0:00,63,63,67.5,24.7,1.7,8,67,0.3,0,0,0.2,0.5,-99,-99,0.5,Hudson
1234,East River mid-channel at Roosevelt Is.,9/10/2012 0:00,10,10,77.6,24.7,2.7,40,53,0,0,0.4,0,0.4,-99,-99,0.4,Hudson
1235,East River mid-channel at Roosevelt Is.,8/13/2012 0:00,<10,10,77,33.7,0.7,7,46,0,0,0,0.2,0.2,-99,-99,0.2,Hudson
1236,East River mid-channel at Roosevelt Is.,7/16/2012 0:00,30,30,74.8,32.7,2,8,56,0,0.3,0,0,0.3,-99,-99,0.3,Hudson
1237,East River mid-channel at Roosevelt Is.,6/11/2012 0:00,<10,10,68.4,22.9,2.1,-99,64,0,0,0,0,0,-99,-99,0,Hudson
1238,East River mid-channel at Roosevelt Is.,5/15/2012 0:00,10,10,58.7,22.3,1.6,9,78,0.5,0,0,0,0.5,-99,-99,0.5,Hudson
1239,East River mid-channel at Roosevelt Is.,10/21/2011 0:00,84,84,64.1,20.7,0.6,12,77,0,0,1.1,0,1.1,-99,-99,1.1,Hudson
1240,East River mid-channel at Roosevelt Is.,9/14/2011 0:00,10,10,71.5,14,1.4,31,72,0,0,0,0,0,-99,-99,0,Hudson
1241,East River mid-channel at Roosevelt Is.,8/16/2011 0:00,109,109,74.2,22.1,1,42,57,0,0.6,5.8,0,6.4,-99,-99,6.4,Hudson
1242,East River mid-channel at Roosevelt Is.,7/19/2011 0:00,<10,10,73.9,21.9,1.4,9,66,0,0.1,0,0,0.1,-99,-99,0.1,Hudson
1243,East River mid-channel at Roosevelt Is.,6/27/2011 0:00,<10,10,70.2,19.9,1.9,11,57,0,0,0,0,0,-99,-99,0,Hudson
1244,East River mid-channel at Roosevelt Is.,5/16/2011 0:00,181,181,55.4,19.4,4.1,61,81,0.2,0.9,0,0,1.1,-99,-99,1.1,Hudson
1245,East River mid-channel at Roosevelt Is.,10/12/2010 0:00,275,275,66,21.8,1.4,12,71,0.1,1.1,0,0,1.2,-99,-99,1.2,Hudson
1246,East River mid-channel at Roosevelt Is.,9/11/2010 0:00,<10,10,71.2,25.8,2.8,19,71,0,0,0,0,0,-99,-99,0,Hudson
1247,East River mid-channel at Roosevelt Is.,8/17/2010 0:00,63,63,76.8,26.4,1.9,8,45,0,0.1,0.2,0,0.3,-99,-99,0.3,Hudson
1248,East River mid-channel at Roosevelt Is.,7/21/2010 0:00,<10,10,76.7,25.4,1.5,6,45,0,0,0.1,0,0.1,-99,-99,0.1,Hudson
1249,East River mid-channel at Roosevelt Is.,6/15/2010 0:00,<10,10,65.7,23.3,0.5,17,66,0,0,0.3,0,0.3,-99,-99,0.3,Hudson
1250,East River mid-channel at Roosevelt Is.,5/21/2010 0:00,10,10,57,23.9,2.2,8,77,0,0,0,1.1,1.1,-99,-99,1.1,Hudson
1251,East River mid-channel at Roosevelt Is.,10/19/2009 0:00,10,10,57.2,25,0.9,7,80,0,0.3,0,0.1,0.4,-99,-99,0.4,Hudson
1252,East River mid-channel at Roosevelt Is.,9/14/2009 0:00,<10,10,70.9,24.7,0.9,39,65,0,0,0,0.8,0.8,-99,-99,0.8,Hudson
1253,East River mid-channel at Roosevelt Is.,8/20/2009 0:00,<10,10,76.7,22.1,2,21,57,0,0,0.6,0,0.6,-99,-99,0.6,Hudson
1254,East River mid-channel at Roosevelt Is.,7/28/2009 0:00,52,52,72.9,23.3,1.1,12,48,0,0.6,1.4,0,2,-99,-99,2,Hudson
1255,East River mid-channel at Roosevelt Is.,6/22/2009 0:00,<10,10,67,15.9,0.7,66,65,0,0.5,0.3,0,0.8,-99,-99,0.8,Hudson
1256,East River mid-channel at Roosevelt Is.,6/5/2009 0:00,<10,10,-99,-99,-99,-99,-99,0.9,0.5,0.5,0.1,2,-99,-99,2,Hudson
1257,East River mid-channel at Roosevelt Is.,5/12/2009 0:00,10,10,56.8,18.7,0.7,15,79,0,0,0,0.6,0.6,-99,-99,0.6,Hudson
1258,East River mid-channel at Roosevelt Is.,10/20/2008 0:00,10,10,62.4,25.3,0.9,6,67,0,0,0,0,0,-99,-99,0,Hudson
1259,East River mid-channel at Roosevelt Is.,9/24/2008 0:00,<10,10,70.4,25.2,8.8,8,92,0,0,0,0,0,-99,-99,0,Hudson
1260,East River mid-channel at Roosevelt Is.,8/19/2008 0:00,<10,10,73.4,22.4,1.2,11,65,0,0,0,0,0,-99,-99,0,Hudson
1261,East River mid-channel at Roosevelt Is.,7/14/2008 0:00,187,187,72.2,24.5,1.1,10,53,0.5,0,0,0,0.5,-99,-99,0.5,Hudson
1262,East River mid-channel at Roosevelt Is.,7/2/2008 0:00,<10,10,69.2,24,1.1,11,58,0,0,0,0.6,0.6,-99,-99,0.6,Hudson
1263,East River mid-channel at Roosevelt Is.,6/24/2008 0:00,109,109,67.8,23.6,0.8,8,56,0,0.1,0.1,0,0.2,-99,-99,0.2,Hudson
1264,East River mid-channel at Roosevelt Is.,5/19/2008 0:00,<10,10,57,21.7,0.9,10,81,0,0.1,0,0.9,1,-99,-99,1,Hudson
1265,East River mid-channel at Roosevelt Is.,9/6/2007 0:00,1,1,74.8,25.5,1.7,11,63,0,0,0,0,0,-99,-99,0,Hudson
1266,East River mid-channel at Roosevelt Is.,8/16/2007 0:00,4,4,-99,-99,-99,-99,-99,0,0,0,0,0,-99,-99,0,Hudson
1267,East River mid-channel at Roosevelt Is.,7/11/2007 0:00,1,1,69.5,25.1,1.5,27,54,0,0,0,0,0,-99,-99,0,Hudson
1268,East River mid-channel at Roosevelt Is.,6/18/2007 0:00,8,8,-99,-99,-99,-99,-99,0,0,0,0,0,-99,-99,0,Hudson
1269,East River mid-channel at Roosevelt Is.,5/23/2007 0:00,4,4,58.9,23.2,2.5,103,75,0,0,0,0,0,-99,-99,0,Hudson
1270,East River mid-channel at Roosevelt Is.,4/18/2007 0:00,344,344,44.9,20.3,0.1,27,96,0,0,0.9,7.6,8.5,-99,-99,8.5,Hudson
1271,East River mid-channel at Roosevelt Is.,12/13/2006 0:00,30,30,47.9,21,1.1,20,90,0.2,0,0,0,0.2,-99,-99,0.2,Hudson
1272,East River mid-channel at Roosevelt Is.,11/10/2006 0:00,112,112,55,17.5,0.8,19,86,0,0,3.6,0,3.6,-99,-99,3.6,Hudson
1273,East River mid-channel at Roosevelt Is.,10/18/2006 0:00,135,135,63.4,23.7,1,6,68,0,1.1,0,0,1.1,-99,-99,1.1,Hudson
1274,East River mid-channel at Roosevelt Is.,9/26/2006 0:00,2,2,68.9,22.9,0.3,-99,76,0,0,0,0.1,0.1,-99,-99,0.1,Hudson
1275,East River mid-channel at 23rd St.,10/16/2017 0:00,10,10,68.3,23.8,1.6,3.6,74.1,0.01,0,0.08,0,0.09,0.07,0.06,0.22,Hudson
1276,East River mid-channel at 23rd St.,9/11/2017 0:00,20,20,69.8,23.3,2.2,6.2,70.5,0,0,0,0,0,0.01,0.42,0.43,Hudson
1277,East River mid-channel at 23rd St.,8/14/2017 0:00,<10,10,74.4,23.1,2.3,6.8,52.6,0,0,0.11,0,0.11,0,0,0.11,Hudson
1278,East River mid-channel at 23rd St.,7/10/2017 0:00,<10,10,70.2,21.4,2.1,9.3,81.2,0,0,0,1.78,1.78,0,0,1.78,Hudson
1279,East River mid-channel at 23rd St.,6/12/2017 0:00,<10,10,65.2,18.5,2.2,9.3,84.6,0,0,0,0,0,0,0,0,Hudson
1280,East River mid-channel at 23rd St.,5/15/2017 0:00,20,20,55.6,19.3,2.2,7.3,83.1,0,0.02,1.61,0,1.63,0,0,1.63,Hudson
1281,East River mid-channel at 23rd St.,4/4/2017 0:00,450,450,43.8,19,17,6.1,98.8,1.18,0.03,0,0,1.21,1.51,0.01,2.73,Hudson
1282,East River mid-channel at 23rd St.,10/13/2016 0:00,<10,10,66.1,24.7,2.3,35,79,0,0,0,0,0,0.6,0.2,0.8,Hudson
1283,East River mid-channel at 23rd St.,9/14/2016 0:00,<10,10,75.1,24.5,5.2,-99,78,0,0,0,0,0,0,0.2,0.2,Hudson
1284,East River mid-channel at 23rd St.,8/15/2016 0:00,<10,10,77.6,23.9,5,25,76,0,0.1,0,0.3,0.4,0.2,0.1,0.7,Hudson
1285,East River mid-channel at 23rd St.,7/13/2016 0:00,<10,10,73.3,23.1,2.4,9,69,0,0,0,0,0,0.5,0.1,0.6,Hudson
1286,East River mid-channel at 23rd St.,6/15/2016 0:00,<10,10,62.7,22.5,3.1,16,89,0,0,0,0,0,0,0,0,Hudson
1287,East River mid-channel at 23rd St.,5/20/2016 0:00,<10,10,55.3,22.4,5,-99,92,0,0,0,0,0,0,0,0,Hudson
1288,East River mid-channel at 23rd St.,10/12/2015 0:00,<10,10,65,24.8,2.1,14,80,0,0,0,0.9,0.9,0,0,0.9,Hudson
1289,East River mid-channel at 23rd St.,9/11/2015 0:00,86,86,76.4,25.4,4.6,7,64,0,1.6,0,0,1.6,0,0,1.6,Hudson
1290,East River mid-channel at 23rd St.,8/12/2015 0:00,62,62,74.2,24.9,2.6,8,70,0,1.2,0,0,1.2,0,0,1.2,Hudson
1291,East River mid-channel at 23rd St.,7/8/2015 0:00,<10,10,71.1,22.5,2.5,14,66,0,0.1,0,0,0.1,0,0,0.1,Hudson
1292,East River mid-channel at 23rd St.,6/11/2015 0:00,<10,10,64.7,21.6,1.8,1,72,0,0,0,0.1,0.1,0,0.2,0.3,Hudson
1293,East River mid-channel at 23rd St.,5/12/2015 0:00,<10,10,56.5,23,5,13,91,0,0,0,0,0,0,0,0,Hudson
1294,East River mid-channel at 23rd St.,10/13/2014 0:00,<10,10,64.9,24.5,1.7,12,74,0,0,0.3,0,0.3,0,0,0.3,Hudson
1295,East River mid-channel at 23rd St.,9/7/2014 0:00,10,10,75.9,24.1,2.5,8,59,0,0.1,0,0,0.1,0,0,0.1,Hudson
1296,East River mid-channel at 23rd St.,8/11/2014 0:00,<10,10,75.5,22.7,1.6,14,66,0,0,0,0,0,0,0,0,Hudson
1297,East River mid-channel at 23rd St.,7/7/2014 0:00,<10,10,71.3,20.3,4,5,75,0,0,0,0.1,0.1,1.8,1,2.9,Hudson
1298,East River mid-channel at 23rd St.,6/12/2014 0:00,<10,10,64.1,21.8,3.8,13,80,0,0,0,1.6,1.6,0,0,1.6,Hudson
1299,East River mid-channel at 23rd St.,5/12/2014 0:00,10,10,53.9,20.1,2.1,50,88,0,0,0.4,0,0.4,0.4,0,0.8,Hudson
1300,East River mid-channel at 23rd St.,10/16/2013 0:00,10,10,65.6,24.7,1.5,4,80,0,0,0,0,0,0,0,0,Hudson
1301,East River mid-channel at 23rd St.,9/18/2013 0:00,<10,10,69.9,25.7,2.5,13,69,0,0,0,0,0,0,0.1,0.1,Hudson
1302,East River mid-channel at 23rd St.,8/14/2013 0:00,199,199,73,23.8,1.6,20,55,0,0.9,0.1,0,1,0,0.1,1.1,Hudson
1303,East River mid-channel at 23rd St.,7/17/2013 0:00,10,10,74.5,22.5,3.2,15,69,0,0,0,0,0,0.1,0.3,0.4,Hudson
1304,East River mid-channel at 23rd St.,6/19/2013 0:00,10,10,67.3,19.7,2.4,9,73,0,0.2,0,0,0.2,0,0.4,0.6,Hudson
1305,East River mid-channel at 23rd St.,5/31/2013 0:00,<10,10,62.3,22.2,1.4,9,75,0,0,0,0.5,0.5,0,0,0.5,Hudson
1306,East River mid-channel at 23rd St.,11/8/2012 0:00,121,121,53.1,20.1,1.8,8,87,0.1,1.1,0,0,1.2,-99,-99,1.2,Hudson
1307,East River mid-channel at 23rd St.,10/10/2012 0:00,31,31,67.2,24.5,1.9,8,66,0.3,0,0,0.2,0.5,-99,-99,0.5,Hudson
1308,East River mid-channel at 23rd St.,9/10/2012 0:00,<10,10,76.8,24.3,2.6,34,56,0,0,0.4,0,0.4,-99,-99,0.4,Hudson
1309,East River mid-channel at 23rd St.,8/13/2012 0:00,<10,10,78.4,33.4,0.9,5,53,0,0,0,0.2,0.2,-99,-99,0.2,Hudson
1310,East River mid-channel at 23rd St.,7/16/2012 0:00,<10,10,75.1,32.6,1.9,8,57,0,0.3,0,0,0.3,-99,-99,0.3,Hudson
1311,East River mid-channel at 23rd St.,6/11/2012 0:00,10,10,68.5,22.1,1.7,-99,65,0,0,0,0,0,-99,-99,0,Hudson
1312,East River mid-channel at 23rd St.,5/15/2012 0:00,<10,10,59.1,21.4,1.6,11,79,0.5,0,0,0,0.5,-99,-99,0.5,Hudson
1313,East River mid-channel at 23rd St.,10/21/2011 0:00,41,41,64.3,19.5,0.6,14,77,0,0,1.1,0,1.1,-99,-99,1.1,Hudson
1314,East River mid-channel at 23rd St.,9/14/2011 0:00,20,20,71.5,13.7,1.5,24,74,0,0,0,0,0,-99,-99,0,Hudson
1315,East River mid-channel at 23rd St.,8/16/2011 0:00,98,98,74,22.9,1,18,60,0,0.6,5.8,0,6.4,-99,-99,6.4,Hudson
1316,East River mid-channel at 23rd St.,7/19/2011 0:00,<10,10,79.6,21.8,15.1,5,95,0,0.1,0,0,0.1,-99,-99,0.1,Hudson
1317,East River mid-channel at 23rd St.,6/27/2011 0:00,<10,10,71,19.3,1.6,8,59,0,0,0,0,0,-99,-99,0,Hudson
1318,East River mid-channel at 23rd St.,5/16/2011 0:00,160,160,55.5,19.1,4.5,160,83,0.2,0.9,0,0,1.1,-99,-99,1.1,Hudson
1319,East River mid-channel at 23rd St.,10/12/2010 0:00,399,399,65.9,19.7,1.7,15,73,0.1,1.1,0,0,1.2,-99,-99,1.2,Hudson
1320,East River mid-channel at 23rd St.,9/11/2010 0:00,<10,10,70.8,26.8,3.6,13,74,0,0,0,0,0,-99,-99,0,Hudson
1321,East River mid-channel at 23rd St.,8/17/2010 0:00,31,31,76.4,26.3,2,6,46,0,0.1,0.2,0,0.3,-99,-99,0.3,Hudson
1322,East River mid-channel at 23rd St.,7/21/2010 0:00,<10,10,77.8,25.4,2.6,4,53,0,0,0.1,0,0.1,-99,-99,0.1,Hudson
1323,East River mid-channel at 23rd St.,6/15/2010 0:00,<10,10,65.9,23.3,0.5,15,68,0,0,0.3,0,0.3,-99,-99,0.3,Hudson
1324,East River mid-channel at 23rd St.,6/3/2010 0:00,<10,10,-99,-99,-99,-99,-99,0,0,0,0,0,-99,-99,0,Hudson
1325,East River mid-channel at 23rd St.,5/21/2010 0:00,10,10,56.8,23.7,2.5,9,77,0,0,0,1.1,1.1,-99,-99,1.1,Hudson
1326,East River mid-channel at 23rd St.,10/29/2009 0:00,20,20,-99,-99,-99,-99,-99,0,1.3,0.6,0,1.9,-99,-99,1.9,Hudson
1327,East River mid-channel at 23rd St.,10/19/2009 0:00,<10,10,57.3,25.3,1.1,5,81,0,0.3,0,0.1,0.4,-99,-99,0.4,Hudson
1328,East River mid-channel at 23rd St.,10/9/2009 0:00,<10,10,-99,-99,-99,-99,-99,0,0,0.2,0,0.2,-99,-99,0.2,Hudson
1329,East River mid-channel at 23rd St.,9/14/2009 0:00,<10,10,71.3,24.5,0.9,37,65,0,0,0,0.8,0.8,-99,-99,0.8,Hudson
1330,East River mid-channel at 23rd St.,8/20/2009 0:00,<10,10,77.5,21.9,1.9,19,60,0,0,0.6,0,0.6,-99,-99,0.6,Hudson
1331,East River mid-channel at 23rd St.,7/28/2009 0:00,10,10,73,22.8,1,10,49,0,0.6,1.4,0,2,-99,-99,2,Hudson
1332,East River mid-channel at 23rd St.,6/22/2009 0:00,52,52,67.2,16.2,0.6,19,68,0,0.4,0.3,0,0.7,-99,-99,0.7,Hudson
1333,East River mid-channel at 23rd St.,6/5/2009 0:00,31,31,-99,-99,-99,-99,-99,0.9,0.5,0.5,0.1,2,-99,-99,2,Hudson
1334,East River mid-channel at 23rd St.,5/12/2009 0:00,10,10,57.3,19.3,1.3,12,78,0,0,0,0.6,0.6,-99,-99,0.6,Hudson
1335,East River mid-channel at 23rd St.,10/20/2008 0:00,10,10,62.1,25.5,1,6,73,0,0,0,0,0,-99,-99,0,Hudson
1336,East River mid-channel at 23rd St.,9/24/2008 0:00,<10,10,70.6,24.8,5.8,7,87,0,0,0,0,0,-99,-99,0,Hudson
1337,East River mid-channel at 23rd St.,8/19/2008 0:00,<10,10,73.1,23,1.2,10,67,0,0,0,0,0,-99,-99,0,Hudson
1338,East River mid-channel at 23rd St.,7/23/2008 0:00,140,140,73.5,24.9,1.3,13,60,1,0,0,0,1,-99,-99,1,Hudson
1339,East River mid-channel at 23rd St.,7/14/2008 0:00,90,90,69.6,23,-99,-99,68,0.5,0,0,0,0.5,-99,-99,0.5,Hudson
1340,East River mid-channel at 23rd St.,7/2/2008 0:00,<10,10,68.6,24.4,1.1,10,55,0,0,0,0.6,0.6,-99,-99,0.6,Hudson
1341,East River mid-channel at 23rd St.,6/24/2008 0:00,52,52,68.9,23.2,1,6,67,0,0.1,0.1,0,0.2,-99,-99,0.2,Hudson
1342,East River mid-channel at 23rd St.,5/19/2008 0:00,<10,10,57,21.8,0.9,11,83,0,0.1,0,0.9,1,-99,-99,1,Hudson
1343,East River mid-channel at 23rd St.,9/6/2007 0:00,1,1,74.1,25.4,1.7,9,60,0,0,0,0,0,-99,-99,0,Hudson
1344,East River mid-channel at 23rd St.,8/16/2007 0:00,4,4,75.7,24.5,1.2,17,60,0,0,0,0,0,-99,-99,0,Hudson
1345,East River mid-channel at 23rd St.,7/11/2007 0:00,1,1,70,24.9,1.1,9,54,0,0,0,0,0,-99,-99,0,Hudson
1346,East River mid-channel at 23rd St.,6/18/2007 0:00,6,6,-99,-99,-99,-99,-99,0,0,0,0,0,-99,-99,0,Hudson
1347,East River mid-channel at 23rd St.,5/23/2007 0:00,5,5,60.2,20.9,1,13,80,0,0,0,0,0,-99,-99,0,Hudson
1348,East River mid-channel at 23rd St.,5/17/2007 0:00,109,109,59.1,20.8,1.3,56,80,0,0.8,0,0,0.8,-99,-99,0.8,Hudson
1349,East River mid-channel at 23rd St.,4/18/2007 0:00,376,376,46.3,2.8,0.2,19,100,0,0,0.9,7.6,8.5,-99,-99,8.5,Hudson
1863,Gowanus Canal,10/15/2017 0:00,122,122,69,24.4,1.9,3.3,104.5,0,0.08,0,0.07,0.15,0.06,0,0.21,Hudson
1864,Gowanus Canal,9/10/2017 0:00,52,52,70.4,23.2,2.5,6.4,105.6,0,0,0,0.01,0.01,0.42,0,0.43,Hudson
1865,Gowanus Canal,8/13/2017 0:00,10,10,75.4,23.3,2.7,6.6,98.5,0,0.11,0,0,0.11,0,0,0.11,Hudson
1866,Gowanus Canal,7/9/2017 0:00,108,108,74.2,20.5,8.6,13.5,110.9,0,0,1.78,0,1.78,0,0,1.78,Hudson
1867,Gowanus Canal,6/11/2017 0:00,<10,10,70.4,16.8,13.1,5.5,122.4,0,0,0,0,0,0,0.06,0.06,Hudson
1868,Gowanus Canal,5/14/2017 0:00,52,52,57.9,15.6,6,10.5,100.3,0.02,1.61,0,0,1.63,0,0,1.63,Hudson
1869,Gowanus Canal,4/4/2017 0:00,12997,12997,44.6,14.3,2.3,9.9,106,1.18,0.03,0,0,1.21,1.51,0.01,2.73,Hudson
1870,Gowanus Canal,10/12/2016 0:00,52,52,66.3,25,1.6,32,105,0,0,0,0.6,0.6,0.2,0,0.8,Hudson
1871,Gowanus Canal,9/13/2016 0:00,<10,10,76.8,24.7,5,-99,111,0,0,0,0,0,0.2,0,0.2,Hudson
1872,Gowanus Canal,8/14/2016 0:00,20,20,82.9,23.9,45.8,24,170,0,0,0.3,0.2,0.5,0.1,0,0.6,Hudson
1873,Gowanus Canal,7/12/2016 0:00,31,31,74.9,23.7,2,6,100,0,0,0,0.5,0.5,0.1,0,0.6,Hudson
1874,Gowanus Canal,6/14/2016 0:00,<10,10,67,21.4,1.8,28,102,0,0,0,0,0,0,0,0,Hudson
1875,Gowanus Canal,5/19/2016 0:00,20,20,57.5,21.8,1.9,-99,113,0,0,0,0,0,0,0,0,Hudson
1876,Gowanus Canal,10/11/2015 0:00,20,20,66.1,24.8,2.3,7,104,0,0,0.9,0,0.9,0,0,0.9,Hudson
1877,Gowanus Canal,9/10/2015 0:00,816,816,76.9,26.4,9.5,9,100,1.6,0,0,0,1.6,0,0,1.6,Hudson
1878,Gowanus Canal,8/11/2015 0:00,24196,24196,75.1,20.3,3.5,10,85,1.2,0,0,0,1.2,0,0,1.2,Hudson
1879,Gowanus Canal,7/7/2015 0:00,<10,10,76,20.9,4.1,4,96,0.1,0,0,0,0.1,0,0,0.1,Hudson
1880,Gowanus Canal,6/10/2015 0:00,31,31,66.1,22.3,1.4,-99,104,0,0,0.1,0,0.1,0.2,0.1,0.4,Hudson
1881,Gowanus Canal,5/11/2015 0:00,10,10,58.5,23.4,4.1,11,108,0,0,0,0,0,0,0,0,Hudson
1882,Gowanus Canal,10/12/2014 0:00,106,106,65.1,25.3,1.5,6,96,0,0.3,0,0,0.3,0,0.1,0.4,Hudson
1883,Gowanus Canal,9/7/2014 0:00,754,754,76.6,24.1,18.4,6,95,0,0.1,0,0,0.1,0,0,0.1,Hudson
1884,Gowanus Canal,8/11/2014 0:00,<10,10,75.5,23.8,1.3,46,82,0,0,0,0,0,0,0,0,Hudson
1885,Gowanus Canal,7/7/2014 0:00,<10,10,76.8,15.8,15.4,4,105,0,0,0,0.1,0.1,1.8,1,2.9,Hudson
1886,Gowanus Canal,6/12/2014 0:00,74,74,64.3,22.6,3.4,4,73,0,0,0,1.6,1.6,0,0,1.6,Hudson
1887,Gowanus Canal,5/12/2014 0:00,84,84,61.3,17.4,5.5,9,104,0,0,0.4,0,0.4,0.4,0,0.8,Hudson
1888,Gowanus Canal,10/16/2013 0:00,63,63,65.6,24.6,2.3,4,23,0,0,0,0,0,0,0,0,Hudson
1889,Gowanus Canal,9/18/2013 0:00,41,41,67.8,25.6,3.8,10,8,0,0,0,0,0,0,0.1,0.1,Hudson
1890,Gowanus Canal,8/14/2013 0:00,364,364,73.1,23.6,7.7,4,49,0,0.9,0.1,0,1,0,0.1,1.1,Hudson
1891,Gowanus Canal,7/17/2013 0:00,<10,10,80.8,20.6,59.7,9,190,0,0,0,0,0,0.1,0.3,0.4,Hudson
1892,Gowanus Canal,6/19/2013 0:00,20,20,70.4,15.4,6,13,86,0,0.2,0,0,0.2,0,0.4,0.6,Hudson
1893,Gowanus Canal,5/31/2013 0:00,98,98,66.7,18.8,2.8,19,77,0,0,0,0.5,0.5,0,0,0.5,Hudson
1894,Gowanus Canal,11/8/2012 0:00,>24196,24196,54.4,11.6,3.8,39,67,0.1,1.1,0,0,1.2,-99,-99,1.2,Hudson
1895,Gowanus Canal,10/10/2012 0:00,259,259,66.7,23.6,2.6,16,35,0.3,0,0,0.2,0.5,-99,-99,0.5,Hudson
1896,Gowanus Canal,9/10/2012 0:00,<10,10,77.1,24.8,14.7,40,60,0,0,0.4,0,0.4,-99,-99,0.4,Hudson
1897,Gowanus Canal,8/13/2012 0:00,<10,10,82.7,32.8,24.7,15,302,0,0,0,0.2,0.2,-99,-99,0.2,Hudson
1898,Gowanus Canal,7/16/2012 0:00,241,241,80.4,31.9,63.6,95,214,0,0.3,0,0,0.3,-99,-99,0.3,Hudson
1899,Gowanus Canal,6/11/2012 0:00,10,10,72.9,21.4,37.9,-99,158,0,0,0,0,0,-99,-99,0,Hudson
1900,Gowanus Canal,5/15/2012 0:00,>24196,24196,63.5,15.3,7,58,86,0.5,0,0,0,0.5,-99,-99,0.5,Hudson
1901,Gowanus Canal,10/21/2011 0:00,96,96,61.2,15.9,1.6,9,86,0,0,1.1,0,1.1,-99,-99,1.1,Hudson
1902,Gowanus Canal,9/14/2011 0:00,41,41,75.5,10.8,27.2,10,142,0,0,0,0,0,-99,-99,0,Hudson
1903,Gowanus Canal,8/16/2011 0:00,2603,2603,75,22.6,1.4,22,11,0,0.6,5.8,0,6.4,-99,-99,6.4,Hudson
1904,Gowanus Canal,7/19/2011 0:00,1046,1046,77.5,22.9,49.5,18,154,0,0.1,0,0,0.1,-99,-99,0.1,Hudson
1905,Gowanus Canal,6/27/2011 0:00,<10,10,74.9,15.7,34.3,28,185,0,0,0,0,0,-99,-99,0,Hudson
1906,Gowanus Canal,5/16/2011 0:00,>24196,24196,56.3,18.4,14.8,121,86,0.2,0.9,0,0,1.1,-99,-99,1.1,Hudson
1907,Gowanus Canal,10/12/2010 0:00,>24196,24196,65.8,17.5,3.6,7,83,0.1,1.1,0,0,1.2,-99,-99,1.2,Hudson
1908,Gowanus Canal,9/11/2010 0:00,<10,10,72.2,26.5,12.1,17,122,0,0,0,0,0,-99,-99,0,Hudson
1909,Gowanus Canal,8/17/2010 0:00,4884,4884,77.5,25.3,19.7,12,52,0,0.1,0.2,0,0.3,-99,-99,0.3,Hudson
1910,Gowanus Canal,8/9/2010 0:00,10,10,-99,-99,-99,-99,-99,0,0,0,0,0,-99,-99,0,Hudson
1911,Gowanus Canal,6/10/2010 0:00,882,882,-99,-99,-99,-99,-99,0,0.9,0,0,0.9,-99,-99,0.9,Hudson
1912,Gowanus Canal,9/2/2009 0:00,<10,10,-99,-99,-99,-99,-99,0,0,0,0,0,-99,-99,0,Hudson
1913,Gowanus Canal,7/15/2009 0:00,<10,10,-99,-99,-99,-99,-99,0,0,0,0,0,-99,-99,0,Hudson
1914,Gowanus Canal,6/19/2009 0:00,160,160,-99,-99,-99,-99,-99,0,2.3,0,0,2.3,-99,-99,2.3,Hudson
1915,Gowanus Canal,5/29/2009 0:00,17329,17329,-99,-99,-99,-99,-99,0.4,0.1,0,0,0.5,-99,-99,0.5,Hudson
1916,Gowanus Canal,10/15/2008 0:00,20,20,-99,-99,-99,-99,-99,0,0,0,0,0,-99,-99,0,Hudson
1917,Gowanus Canal,7/23/2008 0:00,5790,5790,74.2,25.7,4,6,72,1,0,0,0,1,-99,-99,1,Hudson
1918,Gowanus Canal,5/16/2008 0:00,>24196,24196,-99,-99,-99,-99,-99,0,0.1,0,0.9,1,-99,-99,1,Hudson
1919,Gowanus Canal,9/6/2007 0:00,<10,10,76.3,25.4,1.8,5,63,0,0,0,0,0,-99,-99,0,Hudson
1920,Gowanus Canal,8/16/2007 0:00,35,35,76,24.9,1.2,11,32,0,0,0,0,0,-99,-99,0,Hudson
1921,Gowanus Canal,7/11/2007 0:00,238,238,70.7,25,3.7,26,80,1,0,0,0,1,-99,-99,1,Hudson
1922,Gowanus Canal,6/18/2007 0:00,6,6,-99,-99,-99,-99,-99,0,0,0,0,0,-99,-99,0,Hudson
1923,Gowanus Canal,5/23/2007 0:00,10,10,65,19.3,0.6,5,82,0,0,0,0,0,-99,-99,0,Hudson
1924,Gowanus Canal,4/18/2007 0:00,274,274,45.6,10.5,0.1,50,96,0,0,0.9,7.6,8.5,-99,-99,8.5,Hudson
3195,Newtown Creek- Dutch Kills,10/16/2017 0:00,52,52,68.2,23,6.6,0.3,52.3,0.01,0,0.08,0,0.09,0.07,0.06,0.22,Hudson
3196,Newtown Creek- Dutch Kills,9/11/2017 0:00,<10,10,69.1,21.6,25.8,1,85.7,0,0,0,0,0,0.01,0.42,0.43,Hudson
3197,Newtown Creek- Dutch Kills,8/14/2017 0:00,52,52,75.6,21.7,32.6,6.6,64.3,0,0,0.11,0,0.11,0,0,0.11,Hudson
3198,Newtown Creek- Dutch Kills,7/10/2017 0:00,10,10,71.8,19.7,48.3,4.2,106.8,0,0,0,1.78,1.78,0,0,1.78,Hudson
3199,Newtown Creek- Dutch Kills,6/12/2017 0:00,20,20,66.7,18.7,7.8,2.1,99.1,0,0,0,0,0,0,0,0,Hudson
3200,Newtown Creek- Dutch Kills,5/15/2017 0:00,247,247,56.3,14.8,3.9,4.4,65.1,0,0.02,1.61,0,1.63,0,0,1.63,Hudson
3201,Newtown Creek- Dutch Kills,4/4/2017 0:00,1835,1835,51.6,7.3,1.7,12.2,74.9,1.18,0.03,0,0,1.21,1.51,0.01,2.73,Hudson
3202,Newtown Creek- Dutch Kills,10/13/2016 0:00,10,10,66.1,23.2,21.9,32,83,0,0,0,0,0,0.6,0.2,0.8,Hudson
3203,Newtown Creek- Dutch Kills,9/14/2016 0:00,20,20,75.6,24.5,5.8,-99,72,0,0,0,0,0,0,0.2,0.2,Hudson
3204,Newtown Creek- Dutch Kills,8/15/2016 0:00,<10,10,80.7,22.8,34.9,22,79,0,0.1,0,0.3,0.4,0.2,0.1,0.7,Hudson
3205,Newtown Creek- Dutch Kills,7/13/2016 0:00,10,10,74,23,82.5,10,123,0,0,0,0,0,0.5,0.1,0.6,Hudson
3206,Newtown Creek- Dutch Kills,6/15/2016 0:00,20,20,66.7,22.1,22.4,10,78,0,0,0,0,0,0,0,0,Hudson
3207,Newtown Creek- Dutch Kills,5/20/2016 0:00,10,10,58.8,20.3,21.5,-99,90,0,0,0,0,0,0,0,0,Hudson
3208,Newtown Creek- Dutch Kills,10/12/2015 0:00,41,41,65.4,23.4,73,2,80,0,0,0,0.9,0.9,0,0,0.9,Hudson
3209,Newtown Creek- Dutch Kills,9/11/2015 0:00,>24196,24196,77,23.2,6.8,5,28,0,1.6,0,0,1.6,0,0,1.6,Hudson
3210,Newtown Creek- Dutch Kills,8/12/2015 0:00,2613,2613,74.4,22.4,6,8,37,0,1.2,0,0,1.2,0,0,1.2,Hudson
3211,Newtown Creek- Dutch Kills,7/8/2015 0:00,10,10,73,21.6,42.7,4,98,0,0.1,0,0,0.1,0,0,0.1,Hudson
3212,Newtown Creek- Dutch Kills,6/11/2015 0:00,<10,10,65.4,21.9,5.1,19,55,0,0,0,0.1,0.1,0,0.2,0.3,Hudson
3213,Newtown Creek- Dutch Kills,5/12/2015 0:00,<10,10,60.9,22.1,56,6,131,0,0,0,0,0,0,0,0,Hudson
3214,Newtown Creek- Dutch Kills,10/13/2014 0:00,187,187,64.2,22.8,5.7,3,35,0,0,0.3,0,0.3,0,0,0.3,Hudson
3215,Newtown Creek- Dutch Kills,9/7/2014 0:00,74,74,77,23.4,7.6,4,62,0,0.1,0,0,0.1,0,0,0.1,Hudson
3216,Newtown Creek- Dutch Kills,8/11/2014 0:00,20,20,76.2,22.9,19.1,5,116,0,0,0,0,0,0,0,0,Hudson
3217,Newtown Creek- Dutch Kills,7/7/2014 0:00,<10,10,76.1,18.4,51.6,6,143,0,0,0,0.1,0.1,1.8,1,2.9,Hudson
3218,Newtown Creek- Dutch Kills,6/12/2014 0:00,1201,1201,65.3,19.6,38.4,6,51,0,0,0,1.6,1.6,0,0,1.6,Hudson
3219,Newtown Creek- Dutch Kills,5/12/2014 0:00,85,85,66.2,15.2,2.7,8,39,0,0,0.4,0,0.4,0.4,0,0.8,Hudson
3220,Newtown Creek- Dutch Kills,10/16/2013 0:00,10,10,65.8,24,5.6,11,74,0,0,0,0,0,0,0,0,Hudson
3221,Newtown Creek- Dutch Kills,9/18/2013 0:00,<10,10,70.5,23,31.7,7,142,0,0,0,0,0,0,0.1,0.1,Hudson
3222,Newtown Creek- Dutch Kills,8/14/2013 0:00,560,560,74.1,20,1.7,22,27,0,0.9,0.1,0,1,0,0.1,1.1,Hudson
3223,Newtown Creek- Dutch Kills,7/17/2013 0:00,10,10,76.9,21.4,120.9,22,187,0,0,0,0,0,0.1,0.3,0.4,Hudson
3224,Newtown Creek- Dutch Kills,6/19/2013 0:00,30,30,71.7,14.8,12.8,4,86,0,0.2,0,0,0.2,0,0.4,0.6,Hudson
3225,Newtown Creek- Dutch Kills,5/31/2013 0:00,20,20,63.9,21.4,4.9,17,79,0,0,0,0.5,0.5,0,0,0.5,Hudson
3226,Newtown Creek- Dutch Kills,11/8/2012 0:00,226,226,52.2,21.2,4.8,5,49,0.1,1.1,0,0,1.2,-99,-99,1.2,Hudson
3227,Newtown Creek- Dutch Kills,10/10/2012 0:00,2333,2333,66.5,22.3,13,5,56,0.3,0,0,0.2,0.5,-99,-99,0.5,Hudson
3228,Newtown Creek- Dutch Kills,9/10/2012 0:00,20,20,76.4,22.7,4.4,30,38,0,0,0.4,0,0.4,-99,-99,0.4,Hudson
3229,Newtown Creek- Dutch Kills,8/13/2012 0:00,<10,10,80.2,31.4,22.1,10,164,0,0,0,0.2,0.2,-99,-99,0.2,Hudson
3230,Newtown Creek- Dutch Kills,7/16/2012 0:00,<10,10,79.5,31.4,36.9,5,129,0,0.3,0,0,0.3,-99,-99,0.3,Hudson
3231,Newtown Creek- Dutch Kills,6/11/2012 0:00,<10,10,70.6,21.6,14.7,-99,99,0,0,0,0,0,-99,-99,0,Hudson
3232,Newtown Creek- Dutch Kills,5/15/2012 0:00,20,20,61.8,20.5,8.8,7,94,0.5,0,0,0,0.5,-99,-99,0.5,Hudson
3233,Newtown Creek- Dutch Kills,10/21/2011 0:00,2682,2682,63.4,18.3,1.7,9,54,0,0,1.1,0,1.1,-99,-99,1.1,Hudson
3234,Newtown Creek- Dutch Kills,9/14/2011 0:00,<10,10,75,13.1,3.2,5,73,0,0,0,0,0,-99,-99,0,Hudson
3235,Newtown Creek- Dutch Kills,8/16/2011 0:00,2282,2282,74.2,16.5,1.7,8,17,0,0.6,5.8,0,6.4,-99,-99,6.4,Hudson
3236,Newtown Creek- Dutch Kills,7/19/2011 0:00,10,10,76.7,21.6,28.6,8,128,0,0.1,0,0,0.1,-99,-99,0.1,Hudson
3237,Newtown Creek- Dutch Kills,6/27/2011 0:00,<10,10,72.6,18.5,60.6,9,123,0,0,0,0,0,-99,-99,0,Hudson
3238,Newtown Creek- Dutch Kills,5/16/2011 0:00,323,323,59.5,16.4,14,197,82,0.2,0.9,0,0,1.1,-99,-99,1.1,Hudson
3239,Newtown Creek- Dutch Kills,10/12/2010 0:00,>24196,24196,66.6,12.5,10.8,13,73,0.1,1.1,0,0,1.2,-99,-99,1.2,Hudson
3240,Newtown Creek- Dutch Kills,9/11/2010 0:00,10,10,72.5,25.3,3.2,3,74,0,0,0,0,0,-99,-99,0,Hudson
3241,Newtown Creek- Dutch Kills,8/17/2010 0:00,3448,3448,77.4,25,43.2,8,78,0,0.1,0.2,0,0.3,-99,-99,0.3,Hudson
3242,Newtown Creek- Dutch Kills,7/21/2010 0:00,<10,10,79.6,24.2,90.8,11,180,0,0,0.1,0,0.1,-99,-99,0.1,Hudson
3243,Newtown Creek- Dutch Kills,6/15/2010 0:00,<10,10,66.1,24.1,1.5,5,77,0,0,0.3,0,0.3,-99,-99,0.3,Hudson
3244,Newtown Creek- Dutch Kills,6/3/2010 0:00,<10,10,-99,-99,-99,-99,-99,0,0,0,0,0,-99,-99,0,Hudson
3245,Newtown Creek- Dutch Kills,5/21/2010 0:00,<10,10,61.3,20.8,31.3,5,86,0,0,0,1.1,1.1,-99,-99,1.1,Hudson
3246,Newtown Creek- Dutch Kills,10/29/2009 0:00,315,315,-99,-99,-99,-99,-99,0,1.3,0.6,0,1.9,-99,-99,1.9,Hudson
3247,Newtown Creek- Dutch Kills,10/19/2009 0:00,933,933,58.1,24.6,2.3,5,63,0,0.3,0,0.1,0.4,-99,-99,0.4,Hudson
3248,Newtown Creek- Dutch Kills,10/9/2009 0:00,10,10,-99,-99,-99,-99,-99,0,0,0.2,0,0.2,-99,-99,0.2,Hudson
3249,Newtown Creek- Dutch Kills,9/14/2009 0:00,10,10,72.3,22.3,14.6,22,86,0,0,0,0.8,0.8,-99,-99,0.8,Hudson
3250,Newtown Creek- Dutch Kills,8/20/2009 0:00,<10,10,78.6,22.1,32.1,12,130,0,0,0.6,0,0.6,-99,-99,0.6,Hudson
3251,Newtown Creek- Dutch Kills,7/28/2009 0:00,63,63,76.8,19.8,64.4,15,244,0,0.6,1.4,0,2,-99,-99,2,Hudson
3252,Newtown Creek- Dutch Kills,7/15/2009 0:00,<10,10,-99,-99,-99,-99,-99,0,0,0,0,0,-99,-99,0,Hudson
3253,Newtown Creek- Dutch Kills,6/22/2009 0:00,193,193,68.1,16.1,14.1,9,81,0,0.5,0.3,0,0.8,-99,-99,0.8,Hudson
3254,Newtown Creek- Dutch Kills,6/18/2009 0:00,107,107,-99,-99,-99,-99,-99,2.3,0,0,0.5,2.8,-99,-99,2.8,Hudson
3255,Newtown Creek- Dutch Kills,6/5/2009 0:00,>24196,24196,-99,-99,-99,-99,-99,0.9,0.5,0.5,0.1,2,-99,-99,2,Hudson
3256,Newtown Creek- Dutch Kills,5/12/2009 0:00,<10,10,59.9,18.9,6.5,2,60,0,0,0,0.6,0.6,-99,-99,0.6,Hudson
3257,Newtown Creek- Dutch Kills,10/20/2008 0:00,10,10,61.8,24.4,37.3,2,137,0,0,0,0,0,-99,-99,0,Hudson
3258,Newtown Creek- Dutch Kills,9/26/2008 0:00,1892,1892,-99,-99,-99,-99,-99,2.3,0.1,0,0,2.4,-99,-99,2.4,Hudson
3259,Newtown Creek- Dutch Kills,9/24/2008 0:00,<10,10,70,23.7,23,3,120,0,0,0,0,0,-99,-99,0,Hudson
3260,Newtown Creek- Dutch Kills,8/19/2008 0:00,<10,10,75.9,22.2,4.9,4,65,0,0,0,0,0,-99,-99,0,Hudson
3261,Newtown Creek- Dutch Kills,7/23/2008 0:00,1110,1110,76.5,24,36,9,126,1,0,0,0,1,-99,-99,1,Hudson
3262,Newtown Creek- Dutch Kills,7/14/2008 0:00,<10,10,74.5,22.7,26,8,76,0.5,0,0,0,0.5,-99,-99,0.5,Hudson
3263,Newtown Creek- Dutch Kills,7/2/2008 0:00,81,81,72.1,23,56.8,4,139,0,0,0,0.6,0.6,-99,-99,0.6,Hudson
3264,Newtown Creek- Dutch Kills,6/24/2008 0:00,500,500,71,22.9,10.9,4,73,0,0.1,0.1,0,0.2,-99,-99,0.2,Hudson
3265,Newtown Creek- Dutch Kills,5/19/2008 0:00,41,41,58.6,21,4.5,2,60,0,0.1,0,0.9,1,-99,-99,1,Hudson
3266,Newtown Creek- Dutch Kills,9/6/2007 0:00,5,5,75,23.7,8.4,5,111,0,0,0,0,0,-99,-99,0,Hudson
3267,Newtown Creek- Dutch Kills,8/16/2007 0:00,21,21,76.5,23.4,17.4,13,69,0,0,0,0,0,-99,-99,0,Hudson
3268,Newtown Creek- Dutch Kills,7/11/2007 0:00,34,34,72.7,23.2,29,15,83,0,0,0,0,0,-99,-99,0,Hudson
3269,Newtown Creek- Dutch Kills,6/18/2007 0:00,<10,10,-99,-99,-99,-99,-99,0,0,0,0,0,-99,-99,0,Hudson
3270,Newtown Creek- Dutch Kills,5/23/2007 0:00,1,1,63.3,21.3,7.1,6,98,0,0,0,0,0,-99,-99,0,Hudson
3271,Newtown Creek- Dutch Kills,5/17/2007 0:00,717,717,64.9,17.9,9,17,92,0,0.8,0,0,0.8,-99,-99,0.8,Hudson
3272,Newtown Creek- Dutch Kills,4/18/2007 0:00,352,352,45.4,10.4,0.1,5,93,0,0,0.9,7.6,8.5,-99,-99,8.5,Hudson
3273,Newtown Creek- Dutch Kills,12/13/2006 0:00,107,107,46,19.9,2.2,7,71,0.2,0,0,0,0.2,-99,-99,0.2,Hudson
3274,Newtown Creek- Dutch Kills,11/10/2006 0:00,141,141,56.4,17.9,1,13,81,0,0,3.6,0,3.6,-99,-99,3.6,Hudson
3275,Newtown Creek- Dutch Kills,10/18/2006 0:00,1500,1500,65.6,17.3,24.9,14,70,0,1.1,0,0,1.1,-99,-99,1.1,Hudson
3276,Newtown Creek- Dutch Kills,9/26/2006 0:00,1,1,70.2,22.5,1.1,-99,79,0,0,0,0.1,0.1,-99,-99,0.1,Hudson
3277,Newtown Creek- Metropolitan Ave. Bridge,10/16/2017 0:00,256,256,68.8,22.9,9.9,2.1,28.4,0.01,0,0.08,0,0.09,0.07,0.06,0.22,Hudson
3278,Newtown Creek- Metropolitan Ave. Bridge,9/11/2017 0:00,10,10,69.4,20.8,116.5,3.8,125.3,0,0,0,0,0,0.01,0.42,0.43,Hudson
3279,Newtown Creek- Metropolitan Ave. Bridge,8/14/2017 0:00,134,134,76.2,20.3,22.8,5.9,84.3,0,0,0.11,0,0.11,0,0,0.11,Hudson
3280,Newtown Creek- Metropolitan Ave. Bridge,7/10/2017 0:00,75,75,73.4,18,8.5,4.8,67.2,0,0,0,1.78,1.78,0,0,1.78,Hudson
3281,Newtown Creek- Metropolitan Ave. Bridge,6/12/2017 0:00,10,10,69.3,19,54.5,4.6,111.9,0,0,0,0,0,0,0,0,Hudson
3282,Newtown Creek- Metropolitan Ave. Bridge,5/15/2017 0:00,2723,2723,56.6,6.4,5.9,7.8,40.7,0,0.02,1.61,0,1.63,0,0,1.63,Hudson
3283,Newtown Creek- Metropolitan Ave. Bridge,4/4/2017 0:00,24196,24196,49.7,3.8,1.8,18.5,78.1,1.18,0.03,0,0,1.21,1.51,0.01,2.73,Hudson
3284,Newtown Creek- Metropolitan Ave. Bridge,10/13/2016 0:00,97,97,66.5,23.1,140.1,34,46,0,0,0,0,0,0.6,0.2,0.8,Hudson
3285,Newtown Creek- Metropolitan Ave. Bridge,9/14/2016 0:00,41,41,75.7,23.3,14.8,-99,51,0,0,0,0,0,0,0.2,0.2,Hudson
3286,Newtown Creek- Metropolitan Ave. Bridge,8/15/2016 0:00,20,20,82.4,21.1,13.6,23,63,0,0.1,0,0.3,0.4,0.2,0.1,0.7,Hudson
3287,Newtown Creek- Metropolitan Ave. Bridge,7/13/2016 0:00,10,10,74.5,22.3,6.7,7,67,0,0,0,0,0,0.5,0.1,0.6,Hudson
3288,Newtown Creek- Metropolitan Ave. Bridge,6/15/2016 0:00,10,10,68.9,20.2,12.1,14,62,0,0,0,0,0,0,0,0,Hudson
3289,Newtown Creek- Metropolitan Ave. Bridge,5/20/2016 0:00,<10,10,59.8,19.6,59.7,-99,113,0,0,0,0,0,0,0,0,Hudson
3290,Newtown Creek- Metropolitan Ave. Bridge,10/12/2015 0:00,146,146,64.3,22.2,16.7,10,0,0,0,0,0.9,0.9,0,0,0.9,Hudson
3291,Newtown Creek- Metropolitan Ave. Bridge,9/11/2015 0:00,5476,5476,77.1,23.5,23.5,7,60,0,1.6,0,0,1.6,0,0,1.6,Hudson
3292,Newtown Creek- Metropolitan Ave. Bridge,8/12/2015 0:00,>24196,24196,74.9,20.5,12.5,5,45,0,1.2,0,0,1.2,0,0,1.2,Hudson
3293,Newtown Creek- Metropolitan Ave. Bridge,7/8/2015 0:00,20,20,73,20.7,36.7,7,63,0,0.1,0,0,0.1,0,0,0.1,Hudson
3294,Newtown Creek- Metropolitan Ave. Bridge,6/11/2015 0:00,10,10,66.5,20.6,11.6,-99,60,0,0,0,0.1,0.1,0,0.2,0.3,Hudson
3295,Newtown Creek- Metropolitan Ave. Bridge,5/12/2015 0:00,63,63,57.5,22.3,38.9,7,61,0,0,0,0,0,0,0,0,Hudson
3296,Newtown Creek- Metropolitan Ave. Bridge,10/13/2014 0:00,984,984,63.4,21.1,1.6,24,0,0,0,0.3,0,0.3,0,0,0.3,Hudson
3297,Newtown Creek- Metropolitan Ave. Bridge,9/7/2014 0:00,95,95,77.6,21.7,45.9,6,99,0,0.1,0,0,0.1,0,0,0.1,Hudson
3298,Newtown Creek- Metropolitan Ave. Bridge,8/11/2014 0:00,10,10,76,22.3,122,13,130,0,0,0,0,0,0,0,0,Hudson
3299,Newtown Creek- Metropolitan Ave. Bridge,7/7/2014 0:00,20,20,75.7,17.6,68.3,10,96,0,0,0,0.1,0.1,1.8,1,2.9,Hudson
3300,Newtown Creek- Metropolitan Ave. Bridge,6/12/2014 0:00,2012,2012,65.5,18,8.6,19,8,0,0,0,1.6,1.6,0,0,1.6,Hudson
3301,Newtown Creek- Metropolitan Ave. Bridge,5/12/2014 0:00,1553,1553,55.9,17.3,1.6,12,4,0,0,0.4,0,0.4,0.4,0,0.8,Hudson
3302,Newtown Creek- Metropolitan Ave. Bridge,10/16/2013 0:00,74,74,65.4,22.7,7.8,14,51,0,0,0,0,0,0,0,0,Hudson
3303,Newtown Creek- Metropolitan Ave. Bridge,9/18/2013 0:00,30,30,71.3,22.9,78.7,9,148,0,0,0,0,0,0,0.1,0.1,Hudson
3304,Newtown Creek- Metropolitan Ave. Bridge,8/14/2013 0:00,4352,4352,73,9.7,2.4,15,30,0,0.9,0.1,0,1,0,0.1,1.1,Hudson
3305,Newtown Creek- Metropolitan Ave. Bridge,7/17/2013 0:00,30,30,80.2,20.7,74.3,134,226,0,0,0,0,0,0.1,0.3,0.4,Hudson
3306,Newtown Creek- Metropolitan Ave. Bridge,6/19/2013 0:00,41,41,69.7,15,13,5,70,0,0.2,0,0,0.2,0,0.4,0.6,Hudson
3307,Newtown Creek- Metropolitan Ave. Bridge,5/31/2013 0:00,10,10,65.9,20.6,5.6,43,96,0,0,0,0.5,0.5,0,0,0.5,Hudson
3308,Newtown Creek- Metropolitan Ave. Bridge,11/8/2012 0:00,1095,1095,50.1,19.7,4.3,6,28,0.1,1.1,0,0,1.2,-99,-99,1.2,Hudson
3309,Newtown Creek- Metropolitan Ave. Bridge,10/10/2012 0:00,446,446,65.6,22.4,63.2,5,50,0.3,0,0,0.2,0.5,-99,-99,0.5,Hudson
3310,Newtown Creek- Metropolitan Ave. Bridge,9/10/2012 0:00,63,63,73.7,11.6,53.4,31,86,0,0,0.4,0,0.4,-99,-99,0.4,Hudson
3311,Newtown Creek- Metropolitan Ave. Bridge,8/13/2012 0:00,<10,10,80.7,30.8,35.3,15,257,0,0,0,0.2,0.2,-99,-99,0.2,Hudson
3312,Newtown Creek- Metropolitan Ave. Bridge,7/16/2012 0:00,414,414,79.7,30.1,64.4,11,136,0,0.3,0,0,0.3,-99,-99,0.3,Hudson
3313,Newtown Creek- Metropolitan Ave. Bridge,6/11/2012 0:00,<10,10,71,21.4,42.3,-99,119,0,0,0,0,0,-99,-99,0,Hudson
3314,Newtown Creek- Metropolitan Ave. Bridge,5/15/2012 0:00,146,146,61.2,20.6,21.9,6,50,0.5,0,0,0,0.5,-99,-99,0.5,Hudson
3315,Newtown Creek- Metropolitan Ave. Bridge,10/21/2011 0:00,2300,2300,61.6,18,0.1,3,47,0,0,1.1,0,1.1,-99,-99,1.1,Hudson
3316,Newtown Creek- Metropolitan Ave. Bridge,9/14/2011 0:00,10,10,74.6,13.6,2.6,2,33,0,0,0,0,0,-99,-99,0,Hudson
3317,Newtown Creek- Metropolitan Ave. Bridge,8/16/2011 0:00,613,613,73.7,11.6,2.1,9,25,0,0.6,5.8,0,6.4,-99,-99,6.4,Hudson
3318,Newtown Creek- Metropolitan Ave. Bridge,7/19/2011 0:00,10,10,79.9,20.9,94.1,74,298,0,0.1,0,0,0.1,-99,-99,0.1,Hudson
3319,Newtown Creek- Metropolitan Ave. Bridge,6/27/2011 0:00,<10,10,75.7,18.9,279.9,24,289,0,0,0,0,0,-99,-99,0,Hudson
3320,Newtown Creek- Metropolitan Ave. Bridge,5/16/2011 0:00,1063,1063,57.6,18.3,68.1,97,98,0.2,0.9,0,0,1.1,-99,-99,1.1,Hudson
3321,Newtown Creek- Metropolitan Ave. Bridge,10/12/2010 0:00,>24196,24196,66.3,15.3,27.3,16,61,0.1,1.1,0,0,1.2,-99,-99,1.2,Hudson
3322,Newtown Creek- Metropolitan Ave. Bridge,9/11/2010 0:00,10,10,72.8,24.1,80.1,9,134,0,0,0,0,0,-99,-99,0,Hudson
3323,Newtown Creek- Metropolitan Ave. Bridge,8/17/2010 0:00,3873,3873,77.8,25.1,12.8,8,61,0,0.1,0.2,0,0.3,-99,-99,0.3,Hudson
3324,Newtown Creek- Metropolitan Ave. Bridge,7/21/2010 0:00,30,30,77.4,23.8,36.5,8,90,0,0,0.1,0,0.1,-99,-99,0.1,Hudson
3325,Newtown Creek- Metropolitan Ave. Bridge,6/15/2010 0:00,10,10,68.9,23.1,43.7,15,172,0,0,0.3,0,0.3,-99,-99,0.3,Hudson
3326,Newtown Creek- Metropolitan Ave. Bridge,6/3/2010 0:00,<10,10,-99,-99,-99,-99,-99,0,0,0,0,0,-99,-99,0,Hudson
3327,Newtown Creek- Metropolitan Ave. Bridge,5/21/2010 0:00,93,93,61.9,19.3,27.8,6,49,0,0,0,1.1,1.1,-99,-99,1.1,Hudson
3328,Newtown Creek- Metropolitan Ave. Bridge,10/29/2009 0:00,>24196,24196,-99,-99,-99,-99,-99,0,1.3,0.6,0,1.9,-99,-99,1.9,Hudson
3329,Newtown Creek- Metropolitan Ave. Bridge,10/19/2009 0:00,10,10,55.3,22.2,2.5,1,56,0,0.3,0,0.1,0.4,-99,-99,0.4,Hudson
3330,Newtown Creek- Metropolitan Ave. Bridge,10/9/2009 0:00,20,20,-99,-99,-99,-99,-99,0,0,0.2,0,0.2,-99,-99,0.2,Hudson
3331,Newtown Creek- Metropolitan Ave. Bridge,9/14/2009 0:00,20,20,73,20.6,48.5,23,110,0,0,0,0.8,0.8,-99,-99,0.8,Hudson
3332,Newtown Creek- Metropolitan Ave. Bridge,8/20/2009 0:00,98,98,77.6,21.4,22.8,12,83,0,0,0.6,0,0.6,-99,-99,0.6,Hudson
3333,Newtown Creek- Metropolitan Ave. Bridge,7/28/2009 0:00,<10,10,77,20.3,81.7,21,297,0,0.6,1.4,0,2,-99,-99,2,Hudson
3334,Newtown Creek- Metropolitan Ave. Bridge,7/15/2009 0:00,<10,10,-99,-99,-99,-99,-99,0,0,0,0,0,-99,-99,0,Hudson
3335,Newtown Creek- Metropolitan Ave. Bridge,6/22/2009 0:00,880,880,70,8.6,40,27,186,0,0.5,0.3,0,0.8,-99,-99,0.8,Hudson
3336,Newtown Creek- Metropolitan Ave. Bridge,6/18/2009 0:00,>24196,24196,-99,-99,-99,-99,-99,2.3,0,0,0.5,2.8,-99,-99,2.8,Hudson
3337,Newtown Creek- Metropolitan Ave. Bridge,6/5/2009 0:00,977,977,-99,-99,-99,-99,-99,0.9,0.5,0.5,0.1,2,-99,-99,2,Hudson
3338,Newtown Creek- Metropolitan Ave. Bridge,5/12/2009 0:00,<10,10,60.3,18.1,8.3,2,62,0,0,0,0.6,0.6,-99,-99,0.6,Hudson
3339,Newtown Creek- Metropolitan Ave. Bridge,10/20/2008 0:00,10,10,60.8,22.9,84.2,7,243,0,0,0,0,0,-99,-99,0,Hudson
3340,Newtown Creek- Metropolitan Ave. Bridge,9/26/2008 0:00,>24196,24196,-99,-99,-99,-99,-99,2.3,0.1,0,0,2.4,-99,-99,2.4,Hudson
3341,Newtown Creek- Metropolitan Ave. Bridge,9/24/2008 0:00,<10,10,69.7,22.6,37.2,6,143,0,0,0,0,0,-99,-99,0,Hudson
3342,Newtown Creek- Metropolitan Ave. Bridge,8/19/2008 0:00,223,223,76.5,21.1,35,46,16,0,0,0,0,0,-99,-99,0,Hudson
3343,Newtown Creek- Metropolitan Ave. Bridge,7/23/2008 0:00,>24196,24196,77.5,16.5,56.9,27,72,1,0,0,0,1,-99,-99,1,Hudson
3344,Newtown Creek- Metropolitan Ave. Bridge,7/14/2008 0:00,>24196,24196,73.4,19.9,67,20,61,0.5,0,0,0,0.5,-99,-99,0.5,Hudson
3345,Newtown Creek- Metropolitan Ave. Bridge,7/2/2008 0:00,159,159,73,21.9,38,34,44,0,0,0,0.6,0.6,-99,-99,0.6,Hudson
3346,Newtown Creek- Metropolitan Ave. Bridge,6/24/2008 0:00,268,268,71.7,21.7,8.5,35,11,0,0.1,0.1,0,0.2,-99,-99,0.2,Hudson
3347,Newtown Creek- Metropolitan Ave. Bridge,5/19/2008 0:00,341,341,58.5,18.6,44.5,10,75,0,0.1,0,0.9,1,-99,-99,1,Hudson
3348,Newtown Creek- Metropolitan Ave. Bridge,9/6/2007 0:00,5,5,74.9,22.8,60.6,17,135,0,0,0,0,0,-99,-99,0,Hudson
3349,Newtown Creek- Metropolitan Ave. Bridge,8/16/2007 0:00,48,48,77.9,21.1,89.5,17,110,0,0,0,0,0,-99,-99,0,Hudson
3350,Newtown Creek- Metropolitan Ave. Bridge,7/11/2007 0:00,296,296,71.5,23,4.2,19,5,0,0,0,0,0,-99,-99,0,Hudson
3351,Newtown Creek- Metropolitan Ave. Bridge,6/18/2007 0:00,24,24,-99,-99,-99,-99,-99,0,0,0,0,0,-99,-99,0,Hudson
3352,Newtown Creek- Metropolitan Ave. Bridge,5/23/2007 0:00,123,123,63,20.3,3.2,28,21,0,0,0,0,0,-99,-99,0,Hudson
3353,Newtown Creek- Metropolitan Ave. Bridge,5/17/2007 0:00,1500,1500,64.6,14.3,60.8,22,65,0,0.8,0,0,0.8,-99,-99,0.8,Hudson
3354,Newtown Creek- Metropolitan Ave. Bridge,4/18/2007 0:00,894,894,48.7,3.7,0.1,24,61,0,0,0.9,7.6,8.5,-99,-99,8.5,Hudson
3355,Newtown Creek- Metropolitan Ave. Bridge,12/13/2006 0:00,227,227,45.5,18.2,19.7,10,55,0.2,0,0,0,0.2,-99,-99,0.2,Hudson
3356,Newtown Creek- Metropolitan Ave. Bridge,11/10/2006 0:00,760,760,58.2,6.9,3.2,18,33,0,0,3.6,0,3.6,-99,-99,3.6,Hudson
3357,Newtown Creek- Metropolitan Ave. Bridge,10/18/2006 0:00,1500,1500,65.2,16.9,15.5,34,20,0,1.1,0,0,1.1,-99,-99,1.1,Hudson
3358,Newtown Creek- Metropolitan Ave. Bridge,9/26/2006 0:00,8,8,69.8,21.2,-99,-99,94,0,0,0,0.1,0.1,-99,-99,0.1,Hudson
4651,The Battery mid-channel,10/15/2017 0:00,10,10,69.3,21.1,2.1,5.8,79.4,0,0.08,0,0.07,0.15,0.06,0,0.21,Hudson
4652,The Battery mid-channel,9/10/2017 0:00,<10,10,70.6,21.5,6.7,6,89,0,0,0,0.01,0.01,0.42,0,0.43,Hudson
4653,The Battery mid-channel,8/13/2017 0:00,<10,10,74.9,23.1,6.7,8.1,82.5,0,0.11,0,0,0.11,0,0,0.11,Hudson
4654,The Battery mid-channel,7/9/2017 0:00,<10,10,74.9,12.1,2.9,14.5,95.6,0,0,1.78,0,1.78,0,0,1.78,Hudson
4655,The Battery mid-channel,6/11/2017 0:00,<10,10,67.8,12.1,4.2,11.7,92.4,0,0,0,0,0,0,0.06,0.06,Hudson
4656,The Battery mid-channel,5/14/2017 0:00,10,10,58.5,6.4,2.4,18.6,96.8,0.02,1.61,0,0,1.63,0,0,1.63,Hudson
4657,The Battery mid-channel,4/4/2017 0:00,216,216,42.6,6.5,2,23.8,98.2,1.18,0.03,0,0,1.21,1.51,0.01,2.73,Hudson
4658,The Battery mid-channel,10/12/2016 0:00,<10,10,66,21.7,2.8,34,87,0,0,0,0.6,0.6,0.2,0,0.8,Hudson
4659,The Battery mid-channel,9/13/2016 0:00,<10,10,76.4,17.6,10.4,-99,102,0,0,0,0,0,0.2,0,0.2,Hudson
4660,The Battery mid-channel,8/14/2016 0:00,<10,10,82.6,15.1,23.5,26,142,0,0,0.3,0.2,0.5,0.1,0,0.6,Hudson
4661,The Battery mid-channel,7/12/2016 0:00,10,10,75,20.8,7,10,94,0,0,0,0.5,0.5,0.1,0,0.6,Hudson
4662,The Battery mid-channel,6/14/2016 0:00,<10,10,69.3,9.7,3.8,20,100,0,0,0,0,0,0,0,0,Hudson
4663,The Battery mid-channel,5/19/2016 0:00,<10,10,59.3,14.6,2.1,-99,97,0,0,0,0,0,0,0,0,Hudson
4664,The Battery mid-channel,10/11/2015 0:00,<10,10,65.7,20.4,3.8,11,88,0,0,0.9,0,0.9,0,0,0.9,Hudson
4665,The Battery mid-channel,9/10/2015 0:00,108,108,77.2,22,5.4,10,73,1.6,0,0,0,1.6,0,0,1.6,Hudson
4666,The Battery mid-channel,8/11/2015 0:00,288,288,74.5,22.7,4.2,8,84,1.2,0,0,0,1.2,0,0,1.2,Hudson
4667,The Battery mid-channel,7/7/2015 0:00,<10,10,72.1,21.2,3.1,25,80,0.1,0,0,0,0.1,0,0,0.1,Hudson
4668,The Battery mid-channel,6/10/2015 0:00,<10,10,65,21.9,3,-99,84,0,0,0.1,0,0.1,0.2,0.1,0.4,Hudson
4669,The Battery mid-channel,5/11/2015 0:00,<10,10,59.1,19.5,4.3,12,99,0,0,0,0,0,0,0,0,Hudson
4670,The Battery mid-channel,10/12/2014 0:00,<10,10,64.8,25.6,1.9,5,82,0,0.3,0,0,0.3,0,0.1,0.4,Hudson
4671,The Battery mid-channel,9/7/2014 0:00,<10,10,76.7,17.4,3.5,16,75,0,0.1,0,0,0.1,0,0,0.1,Hudson
4672,The Battery mid-channel,8/11/2014 0:00,<10,10,76,21.1,0.7,21,79,0,0,0,0,0,0,0,0,Hudson
4673,The Battery mid-channel,7/7/2014 0:00,<10,10,74.6,12.7,5.6,13,93,0,0,0,0.1,0.1,1.8,1,2.9,Hudson
4674,The Battery mid-channel,6/12/2014 0:00,20,20,65.7,16.8,18.2,20,100,0,0,0,1.6,1.6,0,0,1.6,Hudson
4675,The Battery mid-channel,5/12/2014 0:00,10,10,58,7.5,2.3,24,98,0,0,0.4,0,0.4,0.4,0,0.8,Hudson
4676,The Battery mid-channel,10/16/2013 0:00,<10,10,65.1,23.7,1.2,6,83,0,0,0,0,0,0,0,0,Hudson
4677,The Battery mid-channel,9/18/2013 0:00,<10,10,67.4,25.4,3.8,10,79,0,0,0,0,0,0,0.1,0.1,Hudson
4678,The Battery mid-channel,8/14/2013 0:00,52,52,73.5,19.7,3.9,30,80,0,0.9,0.1,0,1,0,0.1,1.1,Hudson
4679,The Battery mid-channel,7/17/2013 0:00,<10,10,78.8,13,10.7,110,93,0,0,0,0,0,0.1,0.3,0.4,Hudson
4680,The Battery mid-channel,6/19/2013 0:00,20,20,69.9,6,3.5,17,93,0,0.2,0,0,0.2,0,0.4,0.6,Hudson
4681,The Battery mid-channel,5/31/2013 0:00,<10,10,64.8,13.6,2.4,35,87,0,0,0,0.5,0.5,0,0,0.5,Hudson
4682,The Battery mid-channel,11/8/2012 0:00,86,86,51.4,11.9,1.2,17,91,0.1,1.1,0,0,1.2,-99,-99,1.2,Hudson
4683,The Battery mid-channel,10/10/2012 0:00,41,41,65.8,14.2,4.2,13,85,0.3,0,0,0.2,0.5,-99,-99,0.5,Hudson
4684,The Battery mid-channel,9/10/2012 0:00,10,10,76.5,18.8,6.1,50,79,0,0,0.4,0,0.4,-99,-99,0.4,Hudson
4685,The Battery mid-channel,8/13/2012 0:00,<10,10,80.7,19.5,7.5,8,109,0,0,0,0.2,0.2,-99,-99,0.2,Hudson
4686,The Battery mid-channel,7/16/2012 0:00,<10,10,78.3,22.4,4.9,8,88,0,0.3,0,0,0.3,-99,-99,0.3,Hudson
4687,The Battery mid-channel,6/11/2012 0:00,<10,10,69.5,17.5,3.1,-99,81,0,0,0,0,0,-99,-99,0,Hudson
4688,The Battery mid-channel,5/15/2012 0:00,<10,10,60.8,8.9,2.1,30,92,0.5,0,0,0,0.5,-99,-99,0.5,Hudson
4689,The Battery mid-channel,10/21/2011 0:00,63,63,62.2,11,1.3,21,85,0,0,1.1,0,1.1,-99,-99,1.1,Hudson
4690,The Battery mid-channel,9/14/2011 0:00,<10,10,72.8,5.7,1.6,43,81,0,0,0,0,0,-99,-99,0,Hudson
4691,The Battery mid-channel,8/16/2011 0:00,20,20,75.7,20.3,2,23,73,0,0.6,5.8,0,6.4,-99,-99,6.4,Hudson
4692,The Battery mid-channel,7/25/2011 0:00,<10,10,80.3,10.6,14.4,8,114,0,0,0,0,0,-99,-99,0,Hudson
4693,The Battery mid-channel,7/21/2011 0:00,10,10,-99,-99,-99,-99,-99,0,0,0,0.1,0.1,-99,-99,0.1,Hudson
4694,The Battery mid-channel,7/19/2011 0:00,<10,10,77.7,19.1,4.8,141,87,0,0.1,0,0,0.1,-99,-99,0.1,Hudson
4695,The Battery mid-channel,6/27/2011 0:00,10,10,76.2,4.8,7.5,36,94,0,0,0,0,0,-99,-99,0,Hudson
4696,The Battery mid-channel,5/16/2011 0:00,97,97,57,12.8,3.3,159,87,0.2,0.9,0,0,1.1,-99,-99,1.1,Hudson
4697,The Battery mid-channel,10/12/2010 0:00,134,134,66.2,16.3,4.6,8,83,0.1,1.1,0,0,1.2,-99,-99,1.2,Hudson
4698,The Battery mid-channel,9/11/2010 0:00,<10,10,70.6,27.4,7.7,19,98,0,0,0,0,0,-99,-99,0,Hudson
4699,The Battery mid-channel,8/17/2010 0:00,<10,10,76.8,21.6,3.1,7,61,0,0.1,0.2,0,0.3,-99,-99,0.3,Hudson
4700,The Battery mid-channel,7/21/2010 0:00,10,10,80,17.5,31.2,9,105,0,0,0.1,0,0.1,-99,-99,0.1,Hudson
4701,The Battery mid-channel,6/15/2010 0:00,<10,10,65.9,25.1,2.5,6,77,0,0,0.3,0,0.3,-99,-99,0.3,Hudson
4702,The Battery mid-channel,5/21/2010 0:00,20,20,60.8,14.6,2.2,22,87,0,0,0,1.1,1.1,-99,-99,1.1,Hudson
4703,The Battery mid-channel,10/19/2009 0:00,20,20,57.2,22.2,-99,-99,89,0,0.3,0,0.1,0.4,-99,-99,0.4,Hudson
4704,The Battery mid-channel,9/14/2009 0:00,<10,10,73,14.6,1.9,26,85,0,0,0,0.8,0.8,-99,-99,0.8,Hudson
4705,The Battery mid-channel,8/20/2009 0:00,<10,10,77.3,21.3,2.3,14,68,0,0,0.6,0,0.6,-99,-99,0.6,Hudson
4706,The Battery mid-channel,7/28/2009 0:00,10,10,76.2,17.7,3.5,8,76,0,0.6,1.4,0,2,-99,-99,2,Hudson
4707,The Battery mid-channel,6/22/2009 0:00,20,20,69.8,6.7,0.9,20,80,0,0.4,0.3,0,0.7,-99,-99,0.7,Hudson
4708,The Battery mid-channel,6/6/2009 0:00,52,52,-99,-99,-99,-99,-99,0,0.9,0.5,0.5,1.9,-99,-99,1.9,Hudson
4709,The Battery mid-channel,6/5/2009 0:00,10,10,-99,-99,-99,-99,-99,0.9,0.5,0.5,0.1,2,-99,-99,2,Hudson
4710,The Battery mid-channel,5/12/2009 0:00,10,10,60.2,11.6,1.3,17,91,0,0,0,0.6,0.6,-99,-99,0.6,Hudson
4711,The Battery mid-channel,10/20/2008 0:00,<10,10,62.3,25.4,1.2,2,83,0,0,0,0,0,-99,-99,0,Hudson
4712,The Battery mid-channel,9/24/2008 0:00,<10,10,70.3,16.4,1.7,9,79,0,0,0,0,0,-99,-99,0,Hudson
4713,The Battery mid-channel,8/19/2008 0:00,<10,10,73.1,23.7,2.6,6,80,0,0,0,0,0,-99,-99,0,Hudson
4714,The Battery mid-channel,7/14/2008 0:00,5,5,76.2,15,4.6,10,93,0.5,0,0,0,0.5,-99,-99,0.5,Hudson
4715,The Battery mid-channel,7/2/2008 0:00,<10,10,74.1,17.9,2.5,10,86,0,0,0,0.6,0.6,-99,-99,0.6,Hudson
4716,The Battery mid-channel,6/24/2008 0:00,47,47,70.5,20.7,2.7,8,83,0,0.1,0.1,0,0.2,-99,-99,0.2,Hudson
4717,The Battery mid-channel,5/19/2008 0:00,20,20,57.5,16.8,1.2,19,91,0,0.1,0,0.9,1,-99,-99,1,Hudson
4718,The Battery mid-channel,9/6/2007 0:00,2,2,74.4,24,2.9,4,78,0,0,0,0,0,-99,-99,0,Hudson
4719,The Battery mid-channel,8/16/2007 0:00,<10,10,76.7,23,3.3,10,77,0,0,0,0,0,-99,-99,0,Hudson
4720,The Battery mid-channel,7/11/2007 0:00,1,1,70.8,23.6,1.9,18,73,1,0,0,0,1,-99,-99,1,Hudson
4721,The Battery mid-channel,6/18/2007 0:00,<10,10,-99,-99,-99,-99,-99,0,0,0,0,0,-99,-99,0,Hudson
4722,The Battery mid-channel,5/23/2007 0:00,1,1,-99,-99,-99,-99,-99,0,0,0,0,0,-99,-99,0,Hudson
4723,The Battery mid-channel,4/18/2007 0:00,274,274,46.1,1.9,0.1,34,100,0,0,0.9,7.6,8.5,-99,-99,8.5,Hudson
4724,The Battery mid-channel,11/10/2006 0:00,107,107,53.6,7.9,1,39,92,0,0,3.6,0,3.6,-99,-99,3.6,Hudson
4725,The Battery mid-channel,10/18/2006 0:00,116,116,63.3,15.3,2.5,10,83,0,1.1,0,0,1.1,-99,-99,1.1,Hudson
4726,The Battery mid-channel,9/26/2006 0:00,<10,10,69.4,23.2,-99,-99,92,0,0,0,0.1,0.1,-99,-99,0.1,Hudson
